#Paddle1,#Paddle2,#Paddle3,#H_S1,#H_S2,#H_S3,#D_S1,#D_S2,#D_S3,#AXIS_S1,#AXIS_S2,#AXIS_S3,#ROT_ANGLE
0.000000,0.000000,0.000000,-0.136374,-0.980755,-0.139719,-0.569298,0.193009,-0.799154,-0.596492,0.736564,-0.318860,139.819383
0.000000,0.000000,19.978102,0.384698,-0.818582,0.426534,-0.215910,-0.529078,-0.820646,-0.806758,0.363804,-0.465605,139.669789
0.000000,0.000000,39.956204,0.535810,-0.371500,0.758218,0.538288,-0.541550,-0.645732,-0.836737,-0.064385,-0.543806,123.227630
0.000000,0.000000,60.058394,0.445366,-0.260014,0.856762,0.895237,0.144441,-0.421530,-0.689238,-0.436153,-0.578551,93.241500
0.000000,0.000000,80.036496,0.583781,-0.398720,0.707264,0.627006,0.774820,-0.080732,-0.336979,-0.721402,-0.605000,57.963265
0.000000,0.000000,100.014599,0.915916,-0.344170,0.206509,0.266947,0.906567,0.326919,0.584208,-0.517747,-0.625011,29.267332
0.000000,0.000000,119.992701,0.875200,0.014510,-0.483544,0.277862,0.803145,0.527021,0.774088,0.606476,-0.181590,46.479658
0.000000,0.000000,139.970803,0.173565,0.198976,-0.964512,0.415052,0.873371,0.254863,0.350300,0.930365,-0.108220,86.676772
0.000000,0.000000,159.948905,-0.566643,-0.258026,-0.782521,0.063845,0.933098,-0.353909,-0.063083,0.978502,-0.196353,124.952860
0.000000,19.978102,0.000000,-0.070404,-0.739172,-0.669827,-0.997397,0.062635,0.035715,-0.655004,0.707104,0.266409,151.011093
0.000000,19.978102,19.978102,0.553152,-0.815239,-0.171490,-0.832363,-0.549382,-0.073157,-0.880556,0.470277,0.058817,171.629688
0.000000,19.978102,39.956204,0.921860,-0.246780,0.298786,-0.195225,-0.961775,-0.192033,-0.980144,0.113457,-0.162622,170.879455
0.000000,19.978102,60.058394,0.742887,0.229865,0.628713,0.551210,-0.742981,-0.379667,-0.927479,-0.228922,-0.295596,147.074119
0.000000,19.978102,80.036496,0.550237,0.186522,0.813910,0.827912,0.004947,-0.560836,-0.808433,-0.483268,-0.335987,107.353085
0.000000,19.978102,100.014599,0.759381,0.007429,0.650603,0.464280,0.694354,-0.549834,-0.727545,-0.634130,-0.261834,60.739383
0.000000,19.978102,119.992701,0.986642,0.134817,0.091440,-0.098741,0.941392,-0.322539,-0.891202,-0.311771,0.329482,20.758635
0.000000,19.978102,139.970803,0.656969,0.387848,-0.646503,-0.497827,0.867158,0.014336,-0.194708,0.792100,0.578504,49.950284
0.000000,19.978102,159.948905,-0.120236,0.125058,-0.984837,-0.689108,0.703588,0.173475,-0.268875,0.868638,0.416143,101.977806
0.000000,39.956204,0.000000,-0.453898,-0.041857,-0.890070,-0.645902,-0.672665,0.361016,-0.494359,0.361517,0.790516,157.538823
0.000000,39.956204,19.978102,-0.017943,-0.653627,-0.756604,-0.335040,-0.709045,0.620487,0.694544,-0.361908,-0.621797,165.156287
0.000000,39.956204,39.956204,0.741966,-0.484302,-0.463613,-0.096378,-0.761375,0.641108,0.926214,-0.172663,-0.335135,144.636825
0.000000,39.956204,60.058394,0.956475,0.238059,-0.168770,0.289232,-0.850151,0.439986,0.988405,0.141293,-0.055604,152.603034
0.000000,39.956204,80.036496,0.641630,0.741037,0.197927,0.755841,-0.654754,0.001146,-0.905823,-0.413815,-0.090778,175.322961
0.000000,39.956204,100.014599,0.411886,0.745304,0.524283,0.838579,-0.084890,-0.538125,-0.804421,-0.590757,-0.062557,131.796194
0.000000,39.956204,119.992701,0.541922,0.661115,0.518891,0.317537,0.410581,-0.854748,-0.741474,-0.648611,0.171815,91.000528
0.000000,39.956204,139.970803,0.588534,0.807926,0.029722,-0.549253,0.426539,-0.718599,-0.601777,-0.333180,0.725848,69.210791
0.000000,39.956204,159.948905,0.066235,0.801656,-0.594105,-0.987558,-0.032440,-0.153873,-0.376862,0.226625,0.898118,95.067875
0.000000,60.058394,0.000000,-0.859854,0.439367,-0.260015,-0.331318,-0.867701,-0.370572,-0.174034,-0.161853,0.971347,156.627387
0.000000,60.058394,19.978102,-0.785670,-0.325851,-0.525874,0.277223,-0.945358,0.171600,0.289468,-0.043097,-0.956217,161.618458
0.000000,60.058394,39.956204,-0.078092,-0.754845,-0.651238,0.670829,-0.523013,0.525780,0.542176,-0.050742,-0.838731,121.799259
0.000000,60.058394,60.058394,0.606442,-0.351979,-0.712979,0.698827,-0.191806,0.689094,0.824303,0.171347,-0.539597,103.170830
0.000000,60.058394,80.036496,0.626090,0.450780,-0.636246,0.753790,-0.141099,0.641788,0.863661,0.473889,-0.171808,118.136388
0.000000,60.058394,100.014599,0.133066,0.939077,-0.316905,0.959990,-0.042629,0.276772,0.738729,0.673539,-0.025006,155.280986
0.000000,60.058394,119.992701,-0.239702,0.957648,0.159543,0.908731,0.279152,-0.310294,-0.603226,-0.793799,0.077469,161.595901
0.000000,60.058394,139.970803,-0.218538,0.876361,0.429222,0.252454,0.475654,-0.842627,-0.453504,-0.811290,0.368975,122.278600
0.000000,60.058394,159.948905,-0.243009,0.944652,0.220406,-0.557821,0.049800,-0.828466,-0.267983,-0.538945,0.798576,109.827028
0.000000,80.036496,0.000000,-0.814479,0.197087,0.545692,-0.577223,-0.180225,-0.796450,0.167840,-0.606527,0.777145,150.120575
0.000000,80.036496,19.978102,-0.957084,-0.129192,0.259420,-0.042419,-0.823051,-0.566381,-0.144708,0.296636,-0.943963,177.365634
0.000000,80.036496,39.956204,-0.677405,-0.732355,-0.069127,0.716500,-0.635607,-0.287458,-0.029419,0.160507,-0.986596,132.754498
0.000000,80.036496,60.058394,0.027606,-0.897608,-0.439930,0.997617,0.052577,-0.044673,0.196501,0.251596,-0.947675,90.655955
0.000000,80.036496,80.036496,0.480185,-0.356545,-0.801435,0.786540,0.579473,0.213463,0.497539,0.625515,-0.600988,71.990493
0.000000,80.036496,100.014599,0.192586,0.365108,-0.910828,0.587960,0.700201,0.404996,0.511503,0.851962,-0.111916,95.365935
0.000000,80.036496,119.992701,-0.485825,0.650976,-0.583270,0.603077,0.732678,0.315405,0.389059,0.920499,0.036261,138.663576
0.000000,80.036496,139.970803,-0.878004,0.471304,0.083553,0.456589,0.877060,-0.149304,-0.240306,-0.968668,0.062736,173.265127
0.000000,80.036496,159.948905,-0.724273,0.350733,0.593646,-0.164149,0.748504,-0.642493,-0.058327,-0.924467,0.376774,136.899704
0.000000,100.014599,0.000000,-0.402224,-0.507477,0.762026,-0.853667,0.508668,-0.111844,0.453704,-0.849549,0.269109,139.967973
0.000000,100.014599,19.978102,-0.383103,-0.304641,0.872024,-0.855246,-0.239682,-0.459465,0.520019,-0.588281,0.619279,153.605252
0.000000,100.014599,39.956204,-0.486397,-0.486797,0.725567,-0.225110,-0.732564,-0.642398,-0.501603,0.357297,-0.787867,170.440445
0.000000,100.014599,60.058394,-0.194144,-0.903638,0.381768,0.485789,-0.426666,-0.762866,-0.478890,0.281554,-0.831500,123.332645
0.000000,100.014599,80.036496,0.377167,-0.911333,-0.164976,0.552723,0.364424,-0.749461,-0.479334,0.462603,-0.745813,78.966831
0.000000,100.014599,100.014599,0.534788,-0.376945,-0.756250,0.027818,0.902354,-0.430097,-0.360951,0.904130,-0.228613,62.283435
0.000000,100.014599,119.992701,-0.014872,0.099878,-0.994889,-0.384111,0.918081,0.097909,-0.142940,0.959651,0.242152,92.065409
0.000000,100.014599,139.970803,-0.785381,0.037955,-0.617848,-0.344415,0.802561,0.487108,-0.090218,0.943564,0.318664,143.133178
0.000000,100.014599,159.948905,-0.918788,-0.350144,0.182283,-0.268971,0.893279,0.360150,0.161555,-0.972539,-0.167533,165.979963
0.000000,119.992701,0.000000,-0.149023,-0.953964,0.260277,-0.402327,0.298939,0.865314,0.546848,-0.756519,-0.358661,129.733603
0.000000,119.992701,19.978102,0.193087,-0.670144,0.716676,-0.818149,0.293231,0.494618,0.680451,-0.727776,0.085604,120.176799
0.000000,119.992701,39.956204,0.191393,-0.375790,0.906725,-0.947235,-0.312730,0.070334,0.736744,-0.507689,0.446610,140.226185
0.000000,119.992701,60.058394,0.168342,-0.502920,0.847781,-0.466401,-0.798330,-0.380972,-0.764239,0.317171,-0.561553,178.136651
0.000000,119.992701,80.036496,0.482269,-0.712339,0.509892,0.027432,-0.569488,-0.821542,-0.830781,0.246659,-0.498961,132.156816
0.000000,119.992701,100.014599,0.843917,-0.518690,-0.136987,-0.156967,0.005437,-0.987589,-0.927284,0.327115,-0.182043,96.530833
0.000000,119.992701,119.992701,0.630736,-0.057875,-0.773836,-0.750938,0.205854,-0.627468,-0.802765,0.485084,0.346789,92.207348
0.000000,119.992701,139.970803,-0.191651,0.053833,-0.979986,-0.981151,-0.035704,0.189918,-0.497617,0.588288,0.637412,125.721609
0.000000,119.992701,159.948905,-0.760939,-0.427370,-0.488188,-0.514284,-0.061457,0.855415,-0.344269,0.684590,0.642507,176.121759
0.000000,139.970803,0.000000,-0.333454,-0.897171,-0.289641,0.506114,-0.429555,0.747884,0.396940,-0.311204,-0.863476,125.651263
0.000000,139.970803,19.978102,0.258240,-0.935661,0.240521,0.289399,0.312455,0.904776,0.534815,-0.581559,-0.612994,92.230426
0.000000,139.970803,39.956204,0.619033,-0.530367,0.579231,-0.403395,0.418084,0.813928,0.776370,-0.627066,-0.063539,87.650850
0.000000,139.970803,60.058394,0.653372,-0.257454,0.711915,-0.756890,-0.240672,0.607613,0.874158,-0.394762,0.282863,118.015264
0.000000,139.970803,80.036496,0.747999,-0.212054,0.628912,-0.425901,-0.880110,0.209796,0.932806,-0.176231,0.314348,160.114332
0.000000,139.970803,100.014599,0.966718,-0.085989,0.240962,-0.000589,-0.942573,-0.334001,-0.991401,0.022466,-0.128918,160.657168
0.000000,139.970803,119.992701,0.895353,0.258064,-0.362969,-0.065381,-0.730011,-0.680301,-0.969386,-0.057259,0.238773,137.366544
0.000000,139.970803,139.970803,0.227177,0.442514,-0.867509,-0.405169,-0.767095,-0.497396,-0.750164,-0.014083,0.661102,140.125089
0.000000,139.970803,159.948905,-0.579953,0.001917,-0.814647,-0.239254,-0.956299,0.168076,-0.454191,0.131254,0.881182,172.134660
0.000000,159.948905,0.000000,-0.661580,-0.691659,-0.289688,0.729326,-0.503681,-0.463021,0.036489,0.310216,-0.949965,131.589959
0.000000,159.948905,19.978102,-0.087345,-0.993982,0.066118,0.995906,-0.088680,-0.017532,-0.041088,-0.021500,-0.998924,95.116634
0.000000,159.948905,39.956204,0.497452,-0.801644,0.331523,0.728961,0.593458,0.341210,0.153983,-0.458496,-0.875255,60.971332
0.000000,159.948905,60.058394,0.807970,-0.425274,0.407832,0.032220,0.723004,0.690092,0.747755,-0.603386,-0.277106,55.637880
0.000000,159.948905,80.036496,0.942406,-0.099502,0.319327,-0.309196,0.104902,0.945195,0.968958,-0.223810,0.105022,86.692095
0.000000,159.948905,100.014599,0.969168,0.244654,0.029280,0.113922,-0.550284,0.827169,0.990140,0.115249,0.079632,124.830667
0.000000,159.948905,119.992701,0.716160,0.602684,-0.351974,0.695358,-0.659443,0.285679,0.923017,0.366738,-0.116377,156.536710
0.000000,159.948905,139.970803,0.048445,0.745327,-0.664936,0.778479,-0.445269,-0.442386,0.723919,0.526418,-0.445900,177.869586
0.000000,159.948905,159.948905,-0.686111,0.358626,-0.632961,0.431207,-0.500269,-0.750861,0.395572,0.499449,-0.770762,177.301305
19.978102,0.000000,0.000000,-0.790050,-0.451034,-0.415198,-0.008799,0.685548,-0.727974,-0.138471,0.909781,-0.391311,145.592945
19.978102,0.000000,19.978102,-0.270779,-0.950473,-0.152576,-0.022061,0.164583,-0.986116,-0.445740,0.687903,-0.572805,125.864128
19.978102,0.000000,39.956204,0.472607,-0.879159,0.061014,0.331635,0.113277,-0.936582,-0.700143,0.377964,-0.605758,91.977662
19.978102,0.000000,60.058394,0.907953,-0.393880,0.143105,0.374559,0.609579,-0.698655,-0.874314,0.028278,-0.484535,52.463509
19.978102,0.000000,80.036496,0.982247,0.130219,0.135032,-0.101073,0.973773,-0.203840,-0.722731,-0.542525,0.428166,15.669943
19.978102,0.000000,100.014599,0.856855,0.513516,0.045832,-0.466865,0.735143,0.491530,0.684256,0.126642,0.718161,43.044298
19.978102,0.000000,119.992701,0.601825,0.782401,-0.160171,-0.137009,0.298733,0.944451,0.748749,0.475575,0.461740,84.619486
19.978102,0.000000,139.970803,0.088269,0.893593,-0.440114,0.587648,0.310042,0.747358,0.641623,0.744839,0.183124,123.347770
19.978102,0.000000,159.948905,-0.597822,0.589729,-0.542981,0.718694,0.694332,-0.037171,0.382231,0.914684,-0.131351,150.599057
19.978102,19.978102,0.000000,-0.759173,-0.636733,-0.135012,-0.650735,0.747008,0.136100,-0.344975,0.934506,0.087694,175.421083
19.978102,19.978102,19.978102,-0.246692,-0.954573,0.167136,-0.908429,0.167722,-0.382917,-0.612128,0.763254,-0.206740,173.592620
19.978102,19.978102,39.956204,0.328265,-0.879874,0.343603,-0.540913,-0.473314,-0.695261,-0.802647,0.468740,-0.368838,152.645196
19.978102,19.978102,60.058394,0.734745,-0.585708,0.342193,0.106452,-0.398646,-0.910906,-0.903723,0.183217,-0.386933,116.565931
19.978102,19.978102,80.036496,0.964487,-0.207947,0.162858,0.216661,0.270210,-0.938107,-0.975367,-0.006121,-0.220505,74.324891
19.978102,19.978102,100.014599,0.954641,0.256282,-0.151590,-0.295698,0.756181,-0.583741,-0.903013,0.088804,0.420335,41.040772
19.978102,19.978102,119.992701,0.585666,0.658852,-0.472133,-0.711791,0.696696,0.089270,-0.119352,0.527635,0.841045,54.572051
19.978102,19.978102,139.970803,-0.134222,0.759686,-0.636287,-0.492526,0.506029,0.708063,0.151798,0.757971,0.634379,99.263425
19.978102,19.978102,159.948905,-0.796292,0.358770,-0.487035,-0.094551,0.721418,0.686014,0.079460,0.919724,0.384440,143.872339
19.978102,39.956204,0.000000,-0.551627,-0.747100,-0.370876,-0.411961,-0.142591,0.899975,0.457195,-0.646174,-0.611091,164.084834
19.978102,39.956204,19.978102,0.026433,-0.998839,0.040266,-0.638375,0.014131,0.769596,0.677224,-0.672155,-0.299291,142.972675
19.978102,39.956204,39.956204,0.595380,-0.719379,0.357794,-0.781711,-0.415787,0.464811,0.881526,-0.469060,0.053805,144.602436
19.978102,39.956204,60.058394,0.818517,-0.315294,0.480229,-0.380371,-0.923892,0.041734,0.953330,-0.183277,0.239942,172.206188
19.978102,39.956204,80.036496,0.891477,-0.055557,0.449646,0.209238,-0.829790,-0.517367,-0.969949,-0.043214,-0.239438,146.430236
19.978102,39.956204,100.014599,0.969873,0.174227,0.170270,0.207076,-0.221445,-0.952933,-0.987887,-0.154242,-0.016969,104.549241
19.978102,39.956204,119.992701,0.812477,0.506466,-0.288744,-0.411566,0.147495,-0.899366,-0.883685,-0.062738,0.463859,81.713293
19.978102,39.956204,139.970803,0.166215,0.675707,-0.718187,-0.970096,-0.018592,-0.242009,-0.491937,0.272017,0.827046,95.738198
19.978102,39.956204,159.948905,-0.623653,0.292327,-0.724984,-0.781570,-0.250167,0.571459,-0.263364,0.532386,0.804490,138.130286
19.978102,60.058394,0.000000,-0.663364,-0.270318,-0.697765,0.141502,-0.960963,0.237756,0.396854,-0.082204,-0.914193,166.983186
19.978102,60.058394,19.978102,-0.130787,-0.871965,-0.471776,0.463296,-0.474462,0.748493,0.528748,-0.246208,-0.812286,124.722980
19.978102,60.058394,39.956204,0.659983,-0.722284,-0.206708,0.241634,-0.056444,0.968724,0.836057,-0.254473,-0.486058,97.446023
19.978102,60.058394,60.058394,0.997060,-0.076610,-0.001567,-0.018682,-0.262870,0.964650,0.998837,-0.037718,-0.030035,105.347276
19.978102,60.058394,80.036496,0.869462,0.458701,0.183384,0.235575,-0.711289,0.662248,0.962723,0.202100,0.179779,141.643291
19.978102,60.058394,100.014599,0.677259,0.670214,0.303534,0.699565,-0.714379,0.016473,-0.915542,-0.374992,-0.145480,174.210401
19.978102,60.058394,119.992701,0.607313,0.770169,0.194964,0.648207,-0.338469,-0.682104,-0.878307,-0.470001,0.087607,135.887215
19.978102,60.058394,139.970803,0.364696,0.905702,-0.216102,-0.069057,-0.205139,-0.976294,-0.744712,-0.393818,0.538806,115.236509
19.978102,60.058394,159.948905,-0.276050,0.733908,-0.620625,-0.556398,-0.648541,-0.519437,-0.485037,-0.109664,0.867590,131.959744
19.978102,80.036496,0.000000,-0.905509,0.301695,-0.298386,0.048106,-0.625674,-0.778600,-0.205552,-0.427671,0.880253,171.718127
19.978102,80.036496,19.978102,-0.731968,-0.454275,-0.507797,0.634876,-0.725258,-0.266332,0.218709,0.226985,-0.949023,144.982441
19.978102,80.036496,39.956204,0.015701,-0.823667,-0.566857,0.974177,-0.115109,0.194241,0.379009,0.172747,-0.909126,98.592707
19.978102,80.036496,60.058394,0.696868,-0.380186,-0.608139,0.716379,0.409533,0.564875,0.739026,0.340542,-0.581268,70.605287
19.978102,80.036496,80.036496,0.740351,0.405894,-0.535845,0.427992,0.330065,0.841356,0.848910,0.528421,-0.011076,85.955558
19.978102,80.036496,100.014599,0.283339,0.921046,-0.267196,0.629052,0.031811,0.776712,0.748121,0.636512,0.187530,128.874110
19.978102,80.036496,119.992701,-0.094673,0.989490,0.109302,0.965985,0.064769,0.250357,0.671974,0.728994,0.130459,174.831472
19.978102,80.036496,139.970803,-0.177401,0.939279,0.293743,0.758569,0.320661,-0.567230,-0.592117,-0.790765,0.155203,144.396595
19.978102,80.036496,159.948905,-0.316826,0.943397,0.098097,0.013342,0.107847,-0.994078,-0.437119,-0.672272,0.597476,128.892936
19.978102,100.014599,0.000000,-0.741726,0.268204,0.614743,-0.502368,0.385109,-0.774156,0.082845,-0.805846,0.586301,138.917394
19.978102,100.014599,19.978102,-0.958960,-0.004096,0.283512,-0.259013,-0.394160,-0.881788,0.121064,-0.546578,0.828611,171.151549
19.978102,100.014599,39.956204,-0.759074,-0.646110,-0.079679,0.462961,-0.449707,-0.763826,-0.118550,0.432956,-0.893585,141.641952
19.978102,100.014599,60.058394,-0.079803,-0.878045,-0.471878,0.802647,0.224108,-0.552751,-0.065176,0.533388,-0.843356,94.842094
19.978102,100.014599,80.036496,0.384776,-0.387588,-0.837689,0.472528,0.862331,-0.181943,0.077810,0.881807,-0.465147,67.602600
19.978102,100.014599,100.014599,0.104085,0.329401,-0.938436,0.060318,0.939733,0.336546,0.214488,0.967381,0.134792,86.509612
19.978102,100.014599,119.992701,-0.577089,0.591942,-0.562648,0.131172,0.747183,0.651546,0.235117,0.921171,0.310104,132.018555
19.978102,100.014599,139.970803,-0.904475,0.394255,0.162749,0.424855,0.799031,0.425497,-0.216161,-0.948370,-0.232096,176.220240
19.978102,100.014599,159.948905,-0.655295,0.311972,0.687940,0.194550,0.949709,-0.245363,-0.151746,-0.985047,0.081580,133.972246
19.978102,119.992701,0.000000,-0.096694,-0.391962,0.914886,-0.554138,0.784758,0.277644,0.397510,-0.913645,0.085074,107.608394
19.978102,119.992701,19.978102,-0.270697,0.022289,0.962406,-0.924920,0.271176,-0.266434,0.409130,-0.722803,0.556928,121.746113
19.978102,119.992701,39.956204,-0.637155,-0.168082,0.752185,-0.658583,-0.388239,-0.644623,0.397490,-0.534806,0.745643,160.797279
19.978102,119.992701,60.058394,-0.513623,-0.767209,0.384164,-0.041560,-0.424964,-0.904256,-0.439554,0.490373,-0.752547,151.175477
19.978102,119.992701,80.036496,0.035648,-0.984710,-0.170515,0.100935,0.173299,-0.979683,-0.530852,0.619934,-0.577821,110.043992
19.978102,119.992701,100.014599,0.268383,-0.594401,-0.758062,-0.401006,0.646572,-0.648952,-0.565143,0.819274,-0.096970,94.297591
19.978102,119.992701,119.992701,-0.183407,-0.187556,-0.964979,-0.817075,0.574883,0.043560,-0.417760,0.838727,0.349305,115.696532
19.978102,119.992701,139.970803,-0.814216,-0.289892,-0.503006,-0.579234,0.347058,0.737590,-0.271708,0.816497,0.509419,163.501396
19.978102,119.992701,159.948905,-0.720838,-0.591100,0.361930,-0.075157,0.585769,0.806986,0.210809,-0.877487,-0.430786,143.213198
19.978102,139.970803,0.000000,0.397437,-0.903437,0.160765,0.238073,0.270715,0.932756,0.632604,-0.523492,-0.570761,90.262756
19.978102,139.970803,19.978102,0.653842,-0.321214,0.685064,-0.319141,0.703852,0.634619,0.679021,-0.734118,-0.001110,69.041314
19.978102,139.970803,39.956204,0.307390,0.191006,0.932217,-0.919921,0.310253,0.239767,0.586426,-0.588733,0.556326,93.189505
19.978102,139.970803,60.058394,-0.134855,-0.042104,0.989970,-0.903649,-0.404640,-0.140305,0.596440,-0.450092,0.664588,139.595471
19.978102,139.970803,80.036496,-0.005564,-0.617307,0.786702,-0.526059,-0.667249,-0.527295,-0.704587,0.406312,-0.581780,175.502142
19.978102,139.970803,100.014599,0.518125,-0.827753,0.215341,-0.465353,-0.484064,-0.741032,-0.855825,0.419481,-0.302654,143.222939
19.978102,139.970803,119.992701,0.660271,-0.545164,-0.516564,-0.747318,-0.408649,-0.523948,-0.895351,0.421399,0.144115,135.463490
19.978102,139.970803,139.970803,0.129745,-0.400744,-0.906957,-0.751016,-0.636945,0.174001,-0.743412,0.398193,0.537384,160.979630
19.978102,139.970803,159.948905,-0.303303,-0.765473,-0.567501,-0.097380,-0.567538,0.817568,0.556046,-0.411255,-0.722276,152.451982
19.978102,159.948905,0.000000,0.046418,-0.637486,-0.769063,0.970229,-0.154430,0.186568,0.485919,0.274273,-0.829853,104.379125
19.978102,159.948905,19.978102,0.642184,-0.706714,-0.296909,0.765643,0.572517,0.293282,0.428460,0.156909,-0.889832,55.824688
19.978102,159.948905,39.956204,0.977974,-0.104279,0.180814,0.033246,0.933023,0.358278,0.863397,-0.475383,-0.168986,24.010962
19.978102,159.948905,60.058394,0.707515,0.418969,0.569111,-0.696096,0.552133,0.458912,0.668681,-0.391694,0.632014,61.902934
19.978102,159.948905,80.036496,0.409222,0.332784,0.849583,-0.823947,-0.265229,0.500765,0.748877,-0.243785,0.616240,110.192410
19.978102,159.948905,100.014599,0.607375,0.025625,0.794002,-0.391166,-0.860272,0.326988,0.889638,-0.109122,0.443438,151.968612
19.978102,159.948905,119.992701,0.959535,0.054712,0.276225,0.046182,-0.998237,0.037297,0.989830,0.025489,0.139956,178.253714
19.978102,159.948905,139.970803,0.790051,0.316750,-0.524871,0.276237,-0.948268,-0.156462,-0.945987,-0.156911,0.283703,175.905646
19.978102,159.948905,159.948905,0.068817,0.135717,-0.988355,0.504334,-0.859519,-0.082910,0.724362,0.225508,-0.651495,163.566585
39.956204,0.000000,0.000000,-0.527167,0.276545,-0.803503,0.705575,0.669399,-0.232528,0.321232,0.897696,-0.301581,134.659182
39.956204,0.000000,19.978102,-0.258212,-0.441042,-0.859539,0.325922,0.797783,-0.507264,-0.049800,0.916341,-0.397289,105.149623
39.956204,0.000000,39.956204,0.518494,-0.483365,-0.705353,-0.023883,0.816387,-0.577011,-0.481313,0.840839,-0.247645,68.079818
39.956204,0.000000,60.058394,0.853918,0.207336,-0.477321,-0.435264,0.787300,-0.436696,-0.714139,0.535291,0.451075,45.422183
39.956204,0.000000,80.036496,0.537061,0.836816,-0.106323,-0.843536,0.532246,-0.071844,-0.118039,0.060633,0.991156,57.959427
39.956204,0.000000,100.014599,0.150946,0.915708,0.372417,-0.901412,-0.027150,0.432111,0.416676,0.016697,0.908902,91.572172
39.956204,0.000000,119.992701,0.226413,0.742840,0.630020,-0.387525,-0.524722,0.757952,0.711039,0.159691,0.684779,124.376026
39.956204,0.000000,139.970803,0.461133,0.817988,0.343879,0.467061,-0.553268,0.689746,0.843214,0.408651,0.349277,149.843615
39.956204,0.000000,159.948905,0.166652,0.936742,-0.307803,0.969188,-0.098194,0.225905,0.753486,0.656022,-0.043511,158.108664
39.956204,19.978102,0.000000,-0.980397,0.190663,0.049692,0.190549,0.981652,-0.007064,-0.095804,-0.995400,0.001136,177.125989
39.956204,19.978102,19.978102,-0.890200,-0.436162,-0.131553,-0.291223,0.766880,-0.571913,-0.196987,0.938858,-0.282385,165.129616
39.956204,19.978102,39.956204,-0.252817,-0.919879,-0.299843,-0.405590,0.382130,-0.830345,-0.499898,0.793764,-0.346469,132.082111
39.956204,19.978102,60.058394,0.518690,-0.702572,-0.487190,-0.351834,0.343945,-0.870583,-0.750777,0.636592,-0.176308,95.916358
39.956204,19.978102,80.036496,0.767930,0.051469,-0.638462,-0.572923,0.500922,-0.648719,-0.804720,0.492027,0.332166,70.031313
39.956204,19.978102,100.014599,0.360814,0.734105,-0.575241,-0.919973,0.381452,-0.090245,-0.339347,0.379113,0.860882,73.881317
39.956204,19.978102,119.992701,-0.212443,0.947482,-0.239051,-0.802082,-0.029346,0.596492,0.143122,0.410373,0.900617,103.756626
39.956204,19.978102,139.970803,-0.508187,0.847017,0.155913,-0.002586,-0.182532,0.983197,0.401413,0.585034,0.704701,142.928495
39.956204,19.978102,159.948905,-0.598879,0.752990,0.272672,0.689276,0.311304,0.654208,0.446278,0.809352,0.381818,175.213953
39.956204,39.956204,0.000000,-0.647606,-0.588146,0.484449,0.045153,0.605043,0.794912,0.181793,-0.876474,-0.445808,134.742199
39.956204,39.956204,19.978102,-0.448158,-0.605051,0.658079,-0.605054,0.747204,0.274947,0.385513,-0.922702,0.000002,134.503600
39.956204,39.956204,39.956204,-0.238259,-0.754569,0.611440,-0.970793,0.166771,-0.172478,0.596408,-0.752629,0.279010,157.201962
39.956204,39.956204,60.058394,0.202075,-0.912524,0.355620,-0.752903,-0.376966,-0.539475,-0.771212,0.548358,-0.323320,165.709057
39.956204,39.956204,80.036496,0.706251,-0.701715,-0.093835,-0.463626,-0.358259,-0.810371,-0.904507,0.398832,-0.150998,127.965104
39.956204,39.956204,100.014599,0.776893,-0.100406,-0.621575,-0.629514,-0.104691,-0.769904,-0.905272,0.326128,0.272255,103.660600
39.956204,39.956204,119.992701,0.207738,0.407412,-0.889303,-0.946931,-0.144217,-0.287269,-0.621287,0.336501,0.707651,106.877339
39.956204,39.956204,139.970803,-0.650027,0.380740,-0.657649,-0.756992,-0.400218,0.516516,-0.240067,0.447553,0.861431,138.671658
39.956204,39.956204,159.948905,-0.998611,-0.051134,-0.012721,-0.003054,-0.184857,0.982761,0.021229,-0.638300,-0.769495,178.209703
39.956204,60.058394,0.000000,-0.288067,-0.922324,-0.257558,0.470958,-0.370636,0.800517,0.416737,-0.347418,-0.840019,123.971427
39.956204,60.058394,19.978102,0.294285,-0.911189,0.288324,0.215301,0.357135,0.908900,0.557306,-0.609908,-0.563403,91.355184
39.956204,60.058394,39.956204,0.602409,-0.483902,0.634777,-0.494108,0.398497,0.772695,0.775911,-0.630821,0.005103,89.946576
39.956204,60.058394,60.058394,0.602959,-0.249705,0.757686,-0.793456,-0.286371,0.537047,0.860235,-0.397041,0.319929,121.810088
39.956204,60.058394,80.036496,0.704733,-0.254676,0.662187,-0.432833,-0.893867,0.116864,0.921797,-0.189814,0.338024,164.720510
39.956204,60.058394,100.014599,0.957065,-0.152827,0.246312,-0.039746,-0.910889,-0.410734,-0.988731,0.050831,-0.140807,156.325116
39.956204,60.058394,119.992701,0.898030,0.202156,-0.390737,-0.147878,-0.697781,-0.700881,-0.969513,-0.016483,0.244485,134.286147
39.956204,60.058394,139.970803,0.215455,0.390516,-0.895028,-0.475655,-0.758503,-0.445450,-0.744532,0.032480,0.666797,139.495942
39.956204,60.058394,159.948905,-0.582664,-0.059819,-0.810509,-0.253546,-0.934133,0.251215,-0.454118,0.173047,0.873975,173.636780
39.956204,80.036496,0.000000,-0.523090,-0.282007,-0.804269,0.648442,-0.744079,-0.160840,0.419061,0.236644,-0.876577,147.945283
39.956204,80.036496,19.978102,0.046846,-0.826373,-0.561171,0.925362,-0.175663,0.335928,0.443225,0.094142,-0.891453,100.729698
39.956204,80.036496,39.956204,0.779594,-0.582472,-0.230131,0.560429,0.484789,0.671490,0.756666,-0.028249,-0.653191,61.028277
39.956204,80.036496,60.058394,0.993540,0.101579,0.050605,-0.089025,0.421073,0.902647,0.994405,0.010902,0.105067,65.101977
39.956204,80.036496,80.036496,0.778890,0.539269,0.320186,-0.202586,-0.266826,0.942212,0.910510,0.142962,0.387986,107.053119
39.956204,80.036496,100.014599,0.629398,0.618253,0.470767,0.317733,-0.757605,0.570159,0.897230,0.274418,0.345937,154.255581
39.956204,80.036496,119.992701,0.679071,0.660950,0.319386,0.720104,-0.684266,-0.115019,-0.915058,-0.382495,-0.127930,166.632455
39.956204,80.036496,139.970803,0.522585,0.828928,-0.199456,0.494328,-0.485192,-0.721269,-0.858292,-0.425197,0.287301,144.386342
39.956204,80.036496,159.948905,-0.118946,0.696530,-0.707600,0.099454,-0.700718,-0.706473,-0.641830,-0.325883,0.694157,154.527835
39.956204,100.014599,0.000000,-0.843524,0.487391,-0.225647,0.179888,-0.139484,-0.973748,-0.259393,-0.650759,0.713602,167.557552
39.956204,100.014599,19.978102,-0.800392,-0.233694,-0.552050,0.596751,-0.398307,-0.696591,0.193227,0.502325,-0.842813,150.484224
39.956204,100.014599,39.956204,-0.131816,-0.715983,-0.685560,0.949260,0.108040,-0.295353,0.200420,0.493535,-0.846318,100.322115
39.956204,100.014599,60.058394,0.552275,-0.346589,-0.758201,0.657098,0.740681,0.140051,0.404128,0.717914,-0.566815,62.297609
39.956204,100.014599,80.036496,0.587841,0.448871,-0.673021,0.145877,0.759488,0.633955,0.593123,0.788508,0.162666,68.644521
39.956204,100.014599,100.014599,0.089632,0.943836,-0.318024,0.176462,0.299209,0.937729,0.581488,0.700356,0.413971,112.051904
39.956204,100.014599,119.992701,-0.285209,0.939590,0.189282,0.692897,0.065676,0.718039,0.582328,0.720792,0.375968,160.847985
39.956204,100.014599,139.970803,-0.223610,0.845356,0.485151,0.955125,0.289254,-0.063789,-0.597568,-0.791554,-0.127888,154.585694
39.956204,100.014599,159.948905,-0.196214,0.939571,0.280546,0.461745,0.340935,-0.818874,-0.535839,-0.779252,0.325028,132.688249
39.956204,119.992701,0.000000,-0.473307,0.388807,0.790449,-0.416277,0.692089,-0.589684,0.010481,-0.889398,0.457013,118.259707
39.956204,119.992701,19.978102,-0.868344,0.309927,0.387200,-0.423352,-0.056488,-0.904203,0.045888,-0.660093,0.749781,150.725450
39.956204,119.992701,39.956204,-0.931742,-0.359777,-0.049176,0.167893,-0.306750,-0.936865,-0.086008,0.573186,-0.814899,161.109319
39.956204,119.992701,60.058394,-0.397551,-0.782401,-0.479376,0.542745,0.220737,-0.810372,-0.125630,0.671720,-0.730074,114.832182
39.956204,119.992701,80.036496,0.071131,-0.480166,-0.874289,0.226585,0.861373,-0.454638,-0.144628,0.924056,-0.353841,87.060223
39.956204,119.992701,100.014599,-0.152615,0.128932,-0.979839,-0.279537,0.945335,0.167931,-0.066634,0.976106,0.206824,99.076615
39.956204,119.992701,119.992701,-0.762822,0.324057,-0.559544,-0.243165,0.658062,0.712619,0.025538,0.897861,0.439538,139.815676
39.956204,119.992701,139.970803,-0.957380,0.079206,0.277759,0.264824,0.624579,0.734690,-0.096731,-0.899998,-0.425025,167.387162
39.956204,119.992701,159.948905,-0.480424,0.079303,0.873443,0.350490,0.930282,0.108318,-0.145479,-0.976680,-0.157901,120.826078
39.956204,139.970803,0.000000,0.452297,-0.336080,0.826122,-0.319986,0.803462,0.502053,0.513836,-0.857848,-0.008324,75.178331
39.956204,139.970803,19.978102,0.163349,0.367053,0.915745,-0.841714,0.536032,-0.064711,0.348158,-0.716006,0.605079,87.251758
39.956204,139.970803,39.956204,-0.533009,0.373806,0.759059,-0.842419,-0.150758,-0.517302,0.260110,-0.547845,0.795115,130.109826
39.956204,139.970803,60.058394,-0.804375,-0.321195,0.499816,-0.357405,-0.410423,-0.838936,0.312556,-0.542857,0.779497,178.669087
39.956204,139.970803,80.036496,-0.441362,-0.893945,0.077863,-0.157281,-0.008360,-0.987518,-0.443011,0.661598,-0.605003,142.496516
39.956204,139.970803,100.014599,-0.054634,-0.897515,-0.437586,-0.559127,0.390589,-0.731312,-0.581557,0.785869,-0.210243,126.413213
39.956204,139.970803,119.992701,-0.175156,-0.672039,-0.719503,-0.952558,0.300431,-0.048722,-0.584114,0.779622,0.225834,141.605372
39.956204,139.970803,139.970803,-0.514427,-0.744124,-0.426197,-0.667363,0.035295,0.743896,0.491557,-0.718964,-0.491388,175.520277
39.956204,139.970803,159.948905,-0.281487,-0.913705,0.293102,0.012561,0.301918,0.953251,0.400659,-0.736684,-0.544765,121.771892
39.956204,159.948905,0.000000,0.789740,-0.500453,-0.354764,0.524461,0.250847,0.813644,0.848196,0.018885,-0.529345,75.488207
39.956204,159.948905,19.978102,0.997975,-0.004540,0.063449,-0.030324,0.842861,0.537276,0.993614,-0.110290,0.023823,32.761931
39.956204,159.948905,39.956204,0.626282,0.667125,0.403379,-0.774050,0.593729,0.219849,0.402296,-0.298046,0.865637,56.349837
39.956204,159.948905,60.058394,-0.114089,0.689514,0.715230,-0.992335,-0.113505,-0.048867,0.345604,-0.346270,0.872155,105.379310
39.956204,159.948905,80.036496,-0.413111,0.018133,0.910500,-0.744822,-0.582012,-0.326348,0.494535,-0.392774,0.775348,150.527353
39.956204,159.948905,100.014599,0.028249,-0.635607,0.771496,-0.587984,-0.634725,-0.501397,-0.716867,0.426914,-0.551223,177.524159
39.956204,159.948905,119.992701,0.624868,-0.748114,0.223305,-0.661793,-0.659293,-0.356879,-0.899805,0.397540,-0.179755,166.107135
39.956204,159.948905,139.970803,0.718134,-0.542104,-0.436356,-0.518412,-0.835048,0.184239,0.926813,-0.286235,-0.243077,177.206653
39.956204,159.948905,159.948905,0.440162,-0.586729,-0.679710,0.155316,-0.695824,0.701217,0.823044,-0.151022,-0.547531,137.341419
60.058394,0.000000,0.000000,0.303074,0.597854,-0.742103,0.724455,0.361378,0.587001,0.689802,0.720887,-0.067046,109.242750
60.058394,0.000000,19.978102,0.255833,0.293663,-0.921038,0.120709,0.935585,0.331830,0.269262,0.959018,0.088218,78.599757
60.058394,0.000000,39.956204,0.421720,0.400887,-0.813291,-0.623183,0.779680,0.061177,-0.227980,0.799256,0.556072,67.044500
60.058394,0.000000,60.058394,0.209841,0.834719,-0.509128,-0.977735,0.178625,-0.110124,-0.317849,0.255956,0.912940,83.047782
60.058394,0.000000,80.036496,-0.346046,0.938193,0.006849,-0.916820,-0.336595,-0.214815,-0.071717,-0.110131,0.991326,110.671223
60.058394,0.000000,100.014599,-0.586653,0.478285,0.653515,-0.755011,-0.614890,-0.227748,0.296738,-0.268000,0.916582,137.718878
60.058394,0.000000,119.992701,-0.067117,-0.033024,0.997198,-0.614432,-0.786086,-0.067387,0.664385,-0.255061,0.702522,155.556147
60.058394,0.000000,139.970803,0.727787,0.031985,0.685057,-0.247995,-0.919040,0.306373,0.926645,-0.060514,0.371035,157.833751
60.058394,0.000000,159.948905,0.886079,0.448900,-0.115553,0.423227,-0.681814,0.596664,0.967746,0.251039,0.021158,142.648766
60.058394,19.978102,0.000000,-0.442290,0.889822,-0.112234,0.874851,0.455599,0.164514,0.522296,0.851770,0.041167,169.523597
60.058394,19.978102,19.978102,-0.740129,0.295991,-0.603820,0.410775,0.909924,-0.057463,0.199989,0.974837,-0.098479,144.353290
60.058394,19.978102,39.956204,-0.373776,-0.262590,-0.889572,-0.243211,0.953276,-0.179203,-0.181060,0.983414,-0.010679,114.855964
60.058394,19.978102,60.058394,0.131219,-0.077748,-0.988300,-0.780911,0.606026,-0.151359,-0.475044,0.805516,0.354226,97.006007
60.058394,19.978102,80.036496,0.050550,0.532567,-0.844877,-0.997532,0.068200,-0.016693,-0.436771,0.453666,0.776800,99.978272
60.058394,19.978102,100.014599,-0.492685,0.804067,-0.332773,-0.870202,-0.453805,0.191859,-0.111873,0.195541,0.974294,120.770664
60.058394,19.978102,119.992701,-0.705862,0.583404,0.401745,-0.454524,-0.808036,0.374815,0.269238,0.130135,0.954241,147.053904
60.058394,19.978102,139.970803,-0.234103,0.406633,0.883089,0.205465,-0.867120,0.453747,0.616542,0.249334,0.746799,172.259500
60.058394,19.978102,159.948905,0.213713,0.743238,0.633975,0.792951,-0.511022,0.331792,-0.778749,-0.493668,-0.387093,176.318356
60.058394,39.956204,0.000000,-0.455890,0.209336,0.865068,0.688271,0.699164,0.193529,-0.309182,-0.901731,-0.302138,127.573148
60.058394,39.956204,19.978102,-0.793236,0.214369,0.569932,0.105246,0.970162,-0.218425,-0.089147,-0.991712,0.092519,143.862232
60.058394,39.956204,39.956204,-0.911776,-0.381597,0.151815,-0.408317,0.802650,-0.434776,0.208185,-0.949339,0.235402,176.746416
60.058394,39.956204,60.058394,-0.409573,-0.863837,-0.293317,-0.728877,0.503216,-0.464233,-0.496628,0.857023,-0.137377,150.580466
60.058394,39.956204,80.036496,0.118264,-0.641203,-0.758203,-0.936985,0.180730,-0.298992,-0.680020,0.707468,0.192517,129.807831
60.058394,39.956204,100.014599,-0.025749,-0.019936,-0.999470,-0.975357,-0.218654,0.029489,-0.608574,0.501947,0.614563,128.984389
60.058394,39.956204,119.992701,-0.658633,0.247500,-0.710595,-0.678984,-0.602510,0.419480,-0.320210,0.364558,0.874393,148.008939
60.058394,39.956204,139.970803,-0.996749,0.004087,0.080470,0.052768,-0.721628,0.690267,-0.038126,-0.372877,-0.927097,178.495581
60.058394,39.956204,159.948905,-0.604685,-0.086215,0.791785,0.778610,-0.273303,0.564864,-0.345918,-0.549051,-0.760844,145.365974
60.058394,60.058394,0.000000,0.091937,-0.830213,0.549812,0.698943,0.447078,0.558211,0.112986,-0.631562,-0.767049,85.400245
60.058394,60.058394,19.978102,0.248366,-0.283872,0.926138,0.093814,0.958650,0.268679,0.127871,-0.972567,-0.194326,76.356963
60.058394,60.058394,39.956204,-0.101761,-0.065054,0.992680,-0.630519,0.776051,-0.013778,0.314677,-0.903805,0.290026,102.876474
60.058394,60.058394,60.058394,-0.261079,-0.489403,0.832059,-0.962699,0.195452,-0.187108,0.544994,-0.742637,0.389194,142.551591
60.058394,60.058394,80.036496,0.141835,-0.897618,0.417331,-0.920646,-0.274526,-0.277574,0.755450,-0.602014,0.258601,177.448153
60.058394,60.058394,100.014599,0.582665,-0.765956,-0.271686,-0.812055,-0.535256,-0.232525,-0.886136,0.458200,0.069398,160.601577
60.058394,60.058394,119.992701,0.384248,-0.342937,-0.857174,-0.670021,-0.742334,-0.003361,-0.825855,0.316686,0.466554,159.480167
60.058394,60.058394,139.970803,-0.348570,-0.299025,-0.888303,-0.231471,-0.890924,0.390737,0.570443,-0.232600,-0.787713,177.542401
60.058394,60.058394,159.948905,-0.644054,-0.731055,-0.225285,0.477909,-0.614473,0.627715,0.253224,-0.284537,-0.924617,139.173916
60.058394,80.036496,0.000000,0.124526,-0.838409,-0.530626,0.920287,-0.102312,0.377629,0.459251,0.080347,-0.884665,96.285033
60.058394,80.036496,19.978102,0.708076,-0.705315,0.034052,0.629059,0.651961,0.423357,0.453056,-0.229111,-0.861539,50.751872
60.058394,80.036496,39.956204,0.869427,-0.055981,0.490880,-0.170165,0.898840,0.403894,0.657285,-0.748309,0.089498,39.636407
60.058394,80.036496,60.058394,0.528528,0.266841,0.805887,-0.823041,0.393663,0.409430,0.654647,-0.514881,0.553476,79.925033
60.058394,80.036496,80.036496,0.367801,0.018129,0.929728,-0.846945,-0.406267,0.342974,0.775535,-0.336860,0.533920,125.892671
60.058394,80.036496,100.014599,0.701999,-0.251809,0.666176,-0.441185,-0.888063,0.129229,0.920859,-0.191949,0.339374,163.798954
60.058394,80.036496,119.992701,0.993954,-0.109793,-0.000967,-0.109417,-0.989741,-0.091869,-0.998484,0.055002,-0.002048,174.733810
60.058394,80.036496,139.970803,0.630820,0.149581,-0.761375,0.084142,-0.988643,-0.124516,-0.902849,-0.064814,0.425045,175.585076
60.058394,80.036496,159.948905,-0.116705,-0.155294,-0.980950,0.419069,-0.903166,0.093123,0.647921,0.105760,-0.754330,157.622292
60.058394,100.014599,0.000000,-0.433838,0.078921,-0.897528,0.859280,-0.263345,-0.438506,0.463138,0.554886,-0.691090,145.626474
60.058394,100.014599,19.978102,-0.031274,-0.541435,-0.840161,0.972555,0.177415,-0.150536,0.340384,0.542932,-0.767700,99.579539
60.058394,100.014599,39.956204,0.696487,-0.427314,-0.576462,0.607484,0.778717,0.156729,0.400282,0.622690,-0.672333,50.314115
60.058394,100.014599,60.058394,0.912340,0.302585,-0.275823,-0.139441,0.863026,0.485533,0.745807,0.553697,0.370393,36.633757
60.058394,100.014599,80.036496,0.560335,0.816930,0.136569,-0.531105,0.227858,0.816093,0.683487,0.253406,0.684566,79.928778
60.058394,100.014599,100.014599,0.289828,0.789896,0.540429,-0.147109,-0.521189,0.840667,0.751758,0.261785,0.605250,129.279752
60.058394,100.014599,119.992701,0.444073,0.651340,0.615268,0.499234,-0.750089,0.433741,0.848252,0.342157,0.404224,169.155374
60.058394,100.014599,139.970803,0.601612,0.780735,0.168869,0.795098,-0.564998,-0.220448,-0.892721,-0.449841,-0.026311,164.160032
60.058394,100.014599,159.948905,0.176090,0.840163,-0.512951,0.637037,-0.494525,-0.591295,-0.762790,-0.491425,0.420300,166.016421
60.058394,119.992701,0.000000,-0.707958,0.706225,-0.006505,0.269668,0.261794,-0.926684,-0.325941,-0.783391,0.529208,155.640358
60.058394,119.992701,19.978102,-0.882123,0.088920,-0.462550,0.460192,-0.046641,-0.886593,0.204502,0.683491,-0.700727,164.637840
60.058394,119.992701,39.956204,-0.412562,-0.531043,-0.740126,0.738014,0.281417,-0.613303,0.102853,0.704750,-0.701961,115.319473
60.058394,119.992701,60.058394,0.250257,-0.361764,-0.898053,0.466563,0.857823,-0.215542,0.077123,0.900829,-0.427269,75.772601
60.058394,119.992701,80.036496,0.332370,0.367854,-0.868455,-0.127787,0.929876,0.344965,0.183302,0.947890,0.260586,71.991495
60.058394,119.992701,100.014599,-0.192124,0.859994,-0.472756,-0.237240,0.426742,0.872702,0.313079,0.752505,0.579412,108.764057
60.058394,119.992701,119.992701,-0.584881,0.791727,0.176304,0.318689,0.024427,0.947545,0.414426,0.700122,0.581447,155.997498
60.058394,119.992701,139.970803,-0.379278,0.621913,0.685108,0.920280,0.176652,0.349113,-0.531030,-0.755905,-0.382904,157.069765
60.058394,119.992701,159.948905,-0.082338,0.815177,0.573329,0.739818,0.435449,-0.512887,-0.584130,-0.810168,0.049194,130.009361
60.058394,139.970803,0.000000,-0.090430,0.376257,0.922092,-0.348607,0.855349,-0.383211,-0.013611,-0.931327,0.363930,95.199973
60.058394,139.970803,19.978102,-0.615861,0.580820,0.532319,-0.536660,0.185402,-0.823178,-0.019394,-0.704318,0.709620,128.058756
60.058394,139.970803,39.956204,-0.996396,0.005380,0.084650,-0.084004,-0.200714,-0.976042,0.031138,-0.631777,0.774524,176.692068
60.058394,139.970803,60.058394,-0.718474,-0.606391,-0.340711,0.306693,0.163464,-0.937667,-0.119191,0.721197,-0.682399,138.008130
60.058394,139.970803,80.036496,-0.283259,-0.602899,-0.745840,0.050387,0.767262,-0.639351,-0.224669,0.909830,-0.348904,110.577627
60.058394,139.970803,100.014599,-0.355505,-0.199562,-0.913122,-0.480573,0.876943,-0.004554,-0.246388,0.956414,0.156733,116.302598
60.058394,139.970803,119.992701,-0.824716,-0.068650,-0.561365,-0.496633,0.562765,0.660796,-0.171608,0.876036,0.450680,151.652371
60.058394,139.970803,139.970803,-0.913265,-0.313564,0.260048,0.096820,0.452995,0.886240,0.066672,-0.845795,-0.529326,157.191782
60.058394,139.970803,159.948905,-0.288573,-0.265125,0.920019,0.408235,0.835107,0.368702,-0.059241,-0.934068,-0.352146,107.044331
60.058394,159.948905,0.000000,0.848045,-0.204047,0.489065,-0.206803,0.722287,0.659951,0.803954,-0.594689,0.001677,55.226579
60.058394,159.948905,19.978102,0.557867,0.572131,0.601207,-0.764251,0.636583,0.103361,0.356691,-0.531614,0.768217,60.434695
60.058394,159.948905,39.956204,-0.258532,0.793651,0.550708,-0.928900,-0.047766,-0.367238,0.124551,-0.424717,0.896717,106.162536
60.058394,159.948905,60.058394,-0.847802,0.215299,0.484643,-0.526814,-0.446743,-0.723110,0.167570,-0.488908,0.856089,154.314447
60.058394,159.948905,80.036496,-0.776573,-0.544491,0.316961,-0.256552,-0.186197,-0.948426,-0.319776,0.632920,-0.705093,168.218205
60.058394,159.948905,100.014599,-0.343047,-0.939249,0.011409,-0.572523,0.199445,-0.795261,-0.532600,0.756974,-0.378585,151.030902
60.058394,159.948905,119.992701,-0.094651,-0.957923,-0.270970,-0.971393,0.148421,-0.185383,-0.661296,0.749840,0.020665,160.978902
60.058394,159.948905,139.970803,-0.054981,-0.966649,-0.250133,-0.742177,-0.128017,0.657864,0.676805,-0.648496,-0.348409,161.207636
60.058394,159.948905,159.948905,0.219430,-0.969394,0.110119,-0.011649,0.110258,0.993835,0.642288,-0.574778,-0.507048,109.190215
80.036496,0.000000,0.000000,0.789364,0.593140,-0.158396,-0.060679,0.332119,0.941284,0.856407,0.393415,0.334352,77.888266
80.036496,0.000000,19.978102,0.424905,0.822598,-0.377874,-0.616178,0.568622,0.544971,0.292739,0.560520,0.774675,68.222582
80.036496,0.000000,39.956204,-0.040677,0.894444,-0.445327,-0.992908,0.013644,0.118098,-0.164839,0.279198,0.945979,93.999281
80.036496,0.000000,60.058394,-0.529837,0.787510,-0.314802,-0.730440,-0.612350,-0.302466,-0.237461,-0.074120,0.968565,128.407945
80.036496,0.000000,80.036496,-0.905851,0.423383,-0.013446,-0.280966,-0.624290,-0.728917,-0.093985,-0.394034,0.914278,157.344183
80.036496,0.000000,100.014599,-0.902266,-0.164527,0.398555,-0.356384,-0.235739,-0.904112,0.212210,-0.616149,0.758503,172.734337
80.036496,0.000000,119.992701,-0.385990,-0.640946,0.663476,-0.806887,-0.114044,-0.579593,0.549844,-0.662736,0.508383,170.607060
80.036496,0.000000,139.970803,0.422307,-0.664111,0.616939,-0.904190,-0.356694,0.234969,0.828556,-0.513583,0.222996,147.431876
80.036496,0.000000,159.948905,0.946180,-0.235613,0.221878,-0.289275,-0.308252,0.906256,0.980028,-0.196770,0.028770,111.158274
80.036496,19.978102,0.000000,0.313014,0.947461,-0.065876,0.675187,-0.173209,0.717022,0.783208,0.582927,0.216288,140.992412
80.036496,19.978102,19.978102,-0.171087,0.807070,-0.565126,0.302601,0.588904,0.749417,0.447042,0.848007,0.284671,117.618269
80.036496,19.978102,39.956204,-0.336611,0.491993,-0.802892,-0.487803,0.638214,0.595592,0.001835,0.854006,0.520259,109.670797
80.036496,19.978102,60.058394,-0.379185,0.457126,-0.804521,-0.914363,-0.051700,0.401580,-0.280153,0.545250,0.790074,119.778665
80.036496,19.978102,80.036496,-0.645108,0.520711,-0.559191,-0.677300,-0.728456,0.103036,-0.270974,0.162738,0.948730,140.848266
80.036496,19.978102,100.014599,-0.950631,0.310262,-0.006199,-0.296870,-0.915054,-0.273028,-0.024985,-0.137301,0.990214,162.147579
80.036496,19.978102,119.992701,-0.757977,-0.137623,0.637597,-0.247009,-0.844130,-0.475847,0.346686,-0.277622,0.895955,176.500232
80.036496,19.978102,139.970803,0.070947,-0.280945,0.957098,-0.330272,-0.912009,-0.243228,0.731646,-0.208926,0.648879,177.821708
80.036496,19.978102,159.948905,0.763151,0.222230,0.606807,0.030504,-0.950351,0.309682,0.937622,0.068775,0.340786,163.662192
80.036496,39.956204,0.000000,0.088336,0.708431,0.700231,0.996056,-0.056963,-0.068025,-0.710236,-0.652268,-0.264784,147.102937
80.036496,39.956204,19.978102,-0.540024,0.815497,0.208178,0.837638,0.544872,0.038443,-0.473978,-0.877986,-0.066971,170.485476
80.036496,39.956204,39.956204,-0.933383,0.243694,-0.263456,0.207206,0.965320,0.158816,0.116070,0.991113,0.064988,163.696006
80.036496,39.956204,60.058394,-0.747059,-0.268740,-0.608015,-0.555510,0.754745,0.348953,-0.238810,0.931464,0.274491,148.508764
80.036496,39.956204,80.036496,-0.524179,-0.247847,-0.814744,-0.840687,-0.002129,0.541517,-0.428397,0.680571,0.594390,150.086210
80.036496,39.956204,100.014599,-0.715546,-0.051928,-0.696633,-0.468147,-0.704522,0.533373,-0.359474,0.367175,0.857882,165.960821
80.036496,39.956204,119.992701,-0.974777,-0.160796,-0.154771,0.108907,-0.948017,0.299004,0.089124,-0.146241,-0.985226,172.133005
80.036496,39.956204,139.970803,-0.676417,-0.421568,0.603937,0.504443,-0.862644,-0.037171,-0.322822,-0.068589,-0.943971,150.627405
80.036496,39.956204,159.948905,0.102722,-0.173039,0.979544,0.692304,-0.694670,-0.195315,-0.702542,-0.208585,-0.680387,140.511770
80.036496,60.058394,0.000000,0.464434,-0.235548,0.853709,0.804269,0.515737,-0.295240,-0.571573,-0.625454,-0.531141,78.195657
80.036496,60.058394,19.978102,0.167371,0.447832,0.878313,0.496055,0.731643,-0.467577,-0.493253,-0.869548,-0.024234,95.758713
80.036496,60.058394,39.956204,-0.587179,0.428493,0.686742,0.102329,0.880886,-0.462136,-0.168729,-0.962854,0.210812,129.322848
80.036496,60.058394,60.058394,-0.862065,-0.294064,0.412760,-0.424011,0.864600,-0.269594,0.192532,-0.964355,0.181523,159.026522
80.036496,60.058394,80.036496,-0.492997,-0.870003,0.007001,-0.863499,0.490264,0.118363,0.502687,-0.863051,-0.049491,176.232783
80.036496,60.058394,100.014599,-0.142981,-0.869236,-0.473271,-0.821207,-0.162711,0.546941,0.654197,-0.646606,-0.392337,176.490797
80.036496,60.058394,119.992701,-0.277901,-0.679333,-0.679174,-0.237492,-0.636487,0.733813,0.586917,-0.400658,-0.703563,161.699401
80.036496,60.058394,139.970803,-0.529790,-0.779616,-0.333949,0.572095,-0.619175,0.537894,0.305673,-0.201160,-0.930644,133.429320
80.036496,60.058394,159.948905,-0.211703,-0.910758,0.354545,0.977212,-0.202979,0.062091,-0.153272,-0.174708,-0.972618,103.936923
80.036496,80.036496,0.000000,0.681043,-0.731898,-0.022478,0.731592,0.678821,0.063055,0.083372,-0.005728,-0.996502,47.249244
80.036496,80.036496,19.978102,0.901233,-0.104113,0.420641,0.241760,0.926398,-0.288684,-0.606203,-0.727078,-0.322296,32.450923
80.036496,80.036496,39.956204,0.447334,0.522327,0.725994,-0.267572,0.852721,-0.448634,-0.249543,-0.866087,0.433153,65.755417
80.036496,80.036496,60.058394,-0.224614,0.357761,0.906397,-0.669673,0.619033,-0.410288,0.149266,-0.834170,0.530923,104.626724
80.036496,80.036496,80.036496,-0.292498,-0.361932,0.885127,-0.942343,0.266467,-0.202447,0.499646,-0.757727,0.419766,136.262790
80.036496,80.036496,100.014599,0.256034,-0.834993,0.487066,-0.965694,-0.198324,0.167640,0.779986,-0.607623,0.149717,154.119631
80.036496,80.036496,119.992701,0.636632,-0.748839,-0.184225,-0.579270,-0.622064,0.526767,0.899732,-0.386900,-0.201967,155.178318
80.036496,80.036496,139.970803,0.412746,-0.564210,-0.715058,0.213145,-0.703422,0.678061,0.812786,-0.124808,-0.569036,136.917957
80.036496,80.036496,159.948905,0.081824,-0.775922,-0.625500,0.866812,-0.254338,0.428893,0.521061,0.069199,-0.850710,105.092188
80.036496,100.014599,0.000000,0.247128,-0.238753,-0.939109,0.926142,0.343190,0.156465,0.533158,0.612847,-0.583233,92.973618
80.036496,100.014599,19.978102,0.671067,-0.387123,-0.632301,0.481054,0.876306,-0.025967,0.173728,0.797060,-0.578372,48.636751
80.036496,100.014599,39.956204,0.965697,0.164526,-0.200900,-0.189652,0.975341,-0.112880,-0.448439,0.652460,0.610900,16.850926
80.036496,100.014599,60.058394,0.605284,0.756757,0.246880,-0.769878,0.635362,-0.060026,0.058784,-0.281766,0.957681,52.849160
80.036496,100.014599,80.036496,0.095642,0.687115,0.720226,-0.994122,0.029053,0.104297,0.417007,-0.336255,0.844415,95.435493
80.036496,100.014599,100.014599,0.186780,0.167261,0.968058,-0.794080,-0.554464,0.249012,0.716109,-0.262193,0.646871,132.006425
80.036496,100.014599,119.992701,0.738426,-0.047022,0.672693,-0.351580,-0.878097,0.324556,0.928707,-0.112811,0.353238,154.462915
80.036496,100.014599,139.970803,0.971158,0.202229,-0.126316,0.234104,-0.909251,0.344178,0.992516,0.113643,-0.044684,159.104223
80.036496,100.014599,159.948905,0.477736,0.248125,-0.842735,0.767426,-0.584770,0.262872,0.841411,0.337440,-0.422092,142.037032
80.036496,119.992701,0.000000,-0.394456,0.609201,-0.687952,0.913183,0.176389,-0.367401,0.523897,0.755961,-0.392497,157.217047
80.036496,119.992701,19.978102,-0.348683,-0.064692,-0.935006,0.777070,0.537807,-0.326995,0.291648,0.828523,-0.478007,118.298469
80.036496,119.992701,39.956204,0.263837,-0.280348,-0.922928,0.346368,0.920549,-0.180609,0.047363,0.944625,-0.324717,74.800455
80.036496,119.992701,60.058394,0.597408,0.289966,-0.747679,-0.348067,0.933699,0.083998,-0.078418,0.914509,0.396892,53.493300
80.036496,119.992701,80.036496,0.244298,0.904865,-0.348624,-0.798362,0.391744,0.457334,0.149265,0.461567,0.874457,76.874959
80.036496,119.992701,100.014599,-0.222452,0.934765,0.277002,-0.583289,-0.355266,0.730452,0.414954,0.286791,0.863461,118.471731
80.036496,119.992701,119.992701,-0.127060,0.635057,0.761944,0.092306,-0.757266,0.646551,0.643441,0.293867,0.706842,157.422890
80.036496,119.992701,139.970803,0.374378,0.630980,0.679489,0.719910,-0.659635,0.215895,-0.828327,-0.409101,-0.382766,173.329041
80.036496,119.992701,159.948905,0.395572,0.918327,0.014110,0.892542,-0.380752,-0.241656,-0.833295,-0.549406,0.061418,167.882659
80.036496,139.970803,0.000000,-0.413455,0.821117,0.393473,0.367066,0.545780,-0.753251,-0.408982,-0.855802,0.316759,134.216180
80.036496,139.970803,19.978102,-0.853230,0.496782,-0.158765,0.328047,0.274556,-0.903883,-0.260324,-0.796919,0.545116,171.096527
80.036496,139.970803,39.956204,-0.775643,-0.218875,-0.592007,0.466636,0.432719,-0.771366,0.083839,0.826297,-0.556960,142.018739
80.036496,139.970803,60.058394,-0.253899,-0.396324,-0.882305,0.211314,0.867432,-0.450453,-0.077517,0.945997,-0.314770,105.157851
80.036496,139.970803,80.036496,-0.059654,0.077582,-0.995200,-0.377680,0.921107,0.094445,-0.144014,0.962856,0.228402,94.709118
80.036496,139.970803,100.014599,-0.496127,0.518664,-0.696308,-0.572078,0.408000,0.711522,-0.022947,0.777509,0.628453,119.796150
80.036496,139.970803,119.992701,-0.904587,0.426197,0.008842,-0.028045,-0.080196,0.996385,0.152840,0.667903,0.728386,161.831404
80.036496,139.970803,139.970803,-0.621593,0.170945,0.764461,0.774998,-0.007844,0.631915,-0.369827,-0.680802,-0.632248,151.464544
80.036496,139.970803,159.948905,0.001361,0.424291,0.905525,0.896966,0.399813,-0.188684,-0.574034,-0.772681,-0.271016,119.302973
80.036496,159.948905,0.000000,0.408950,0.285179,0.866852,-0.284786,0.942358,-0.175667,-0.000350,-0.949987,0.312290,65.861096
80.036496,159.948905,19.978102,-0.160059,0.799012,0.579621,-0.606238,0.383833,-0.696526,-0.118693,-0.690167,0.713849,100.173816
80.036496,159.948905,39.956204,-0.855049,0.468558,0.222138,-0.306945,-0.112067,-0.945106,-0.068271,-0.635069,0.769432,149.738653
80.036496,159.948905,60.058394,-0.963662,-0.245459,-0.105380,0.086474,0.086597,-0.992483,-0.055112,0.732298,-0.678751,165.846655
80.036496,159.948905,80.036496,-0.666032,-0.611493,-0.427174,-0.094481,0.637224,-0.764866,-0.225749,0.890701,-0.394574,139.068847
80.036496,159.948905,100.014599,-0.545501,-0.563476,-0.620422,-0.615197,0.771931,-0.160172,-0.356592,0.933378,0.040581,140.412648
80.036496,159.948905,119.992701,-0.718199,-0.540652,-0.438047,-0.688026,0.457702,0.563142,-0.363986,0.852171,0.375924,168.695901
80.036496,159.948905,139.970803,-0.648677,-0.737838,0.186584,-0.058770,0.292992,0.954307,0.285111,-0.778476,-0.559184,142.612980
80.036496,159.948905,159.948905,0.019984,-0.636657,0.770888,0.426268,0.702877,0.569438,0.126107,-0.837639,-0.531467,89.762420
100.014599,0.000000,0.000000,0.710248,0.657228,0.252189,-0.691536,0.584427,0.424526,0.553713,-0.074139,0.829401,54.399483
100.014599,0.000000,19.978102,0.145611,0.986003,-0.081216,-0.988112,0.140847,-0.061620,-0.076178,0.016109,0.996964,81.916046
100.014599,0.000000,39.956204,-0.452622,0.830096,-0.325690,-0.715708,-0.556050,-0.422576,-0.285408,-0.126716,0.949992,125.552080
100.014599,0.000000,60.058394,-0.801284,0.456015,-0.387291,-0.018387,-0.665801,-0.745903,-0.286699,-0.388881,0.875543,164.281028
100.014599,0.000000,80.036496,-0.952893,0.094813,-0.288107,0.284983,-0.045284,-0.957462,0.138387,0.689204,-0.711230,172.317063
100.014599,0.000000,100.014599,-0.957129,-0.289179,-0.016741,-0.159178,0.573376,-0.803681,-0.127149,0.886307,-0.445302,171.606579
100.014599,0.000000,119.992701,-0.703681,-0.676067,0.218555,-0.710352,0.662793,-0.236865,0.381438,-0.911520,0.153738,173.597995
100.014599,0.000000,139.970803,-0.006830,-0.782899,0.622111,-0.744806,0.419103,0.519246,0.604579,-0.796198,-0.023523,125.933692
100.014599,0.000000,159.948905,0.718890,-0.390939,0.574773,-0.341380,0.521724,0.781833,0.793460,-0.608087,-0.025532,76.048013
100.014599,19.978102,0.000000,0.585532,0.779933,0.221036,-0.132311,-0.177062,0.975265,0.824740,0.302948,0.477522,107.217884
100.014599,19.978102,19.978102,0.033296,0.979085,-0.200707,-0.440329,0.194649,0.876483,0.414481,0.556804,0.719844,99.626619
100.014599,19.978102,39.956204,-0.479030,0.739326,-0.473210,-0.806571,-0.158005,0.569629,-0.048475,0.467857,0.882474,118.849668
100.014599,19.978102,60.058394,-0.723170,0.427932,-0.542124,-0.587957,-0.793288,0.158118,-0.257543,0.168334,0.951491,147.734699
100.014599,19.978102,80.036496,-0.882421,0.195106,-0.428097,-0.010212,-0.917681,-0.397187,-0.236718,-0.195841,0.951636,173.807080
100.014599,19.978102,100.014599,-0.992286,-0.099089,-0.074494,0.112175,-0.461891,-0.879814,0.006364,0.515998,-0.856566,172.916213
100.014599,19.978102,119.992701,-0.782861,-0.486638,0.387701,-0.388335,-0.104693,-0.915552,-0.327656,0.668508,-0.667637,175.778055
100.014599,19.978102,139.970803,-0.027385,-0.649336,0.760009,-0.916137,-0.287874,-0.278964,0.688070,-0.583038,0.432002,162.013259
100.014599,19.978102,159.948905,0.738780,-0.213245,0.639321,-0.644161,-0.502328,0.576822,0.916696,-0.285855,0.279206,129.494994
100.014599,39.956204,0.000000,0.494328,0.644813,0.582971,0.627025,-0.728984,0.274632,0.864362,0.367917,0.342806,178.513275
100.014599,39.956204,19.978102,-0.150787,0.976516,0.153882,0.725510,0.003579,0.688202,0.634943,0.695136,0.337096,158.142045
100.014599,39.956204,39.956204,-0.758037,0.619066,-0.205273,0.160415,0.482034,0.861342,0.245055,0.850332,0.465707,150.499914
100.014599,39.956204,60.058394,-0.898306,0.086454,-0.430781,-0.420875,0.112155,0.900158,-0.118316,0.734059,0.668699,157.707159
100.014599,39.956204,80.036496,-0.827457,-0.190142,-0.528357,-0.299086,-0.647116,0.701276,-0.292152,0.419063,0.859671,176.367111
100.014599,39.956204,100.014599,-0.861126,-0.304120,-0.407399,0.252331,-0.951349,0.176817,0.222707,-0.059375,-0.973076,163.385941
100.014599,39.956204,119.992701,-0.862934,-0.505317,0.000672,0.451594,-0.771787,-0.447668,-0.062591,0.229461,-0.971303,150.488963
100.014599,39.956204,139.970803,-0.395214,-0.718196,0.572713,0.095909,-0.652324,-0.751847,-0.500056,0.334449,-0.798804,149.364296
100.014599,39.956204,159.948905,0.412399,-0.398054,0.819439,-0.110789,-0.914728,-0.388585,-0.836949,0.154951,-0.524887,164.118766
100.014599,60.058394,0.000000,0.737538,0.021125,0.674975,0.667359,-0.175685,-0.723718,-0.892572,-0.298762,-0.337723,106.912410
100.014599,60.058394,19.978102,0.313733,0.709738,0.630749,0.899137,-0.008571,-0.437584,-0.767157,-0.628715,-0.127232,131.900519
100.014599,60.058394,39.956204,-0.518319,0.737820,0.432396,0.794616,0.602411,-0.075409,-0.451562,-0.889682,-0.067507,155.123468
100.014599,60.058394,60.058394,-0.963845,0.070796,0.256888,0.157292,0.929341,0.334042,-0.058936,-0.981909,-0.179948,166.093658
100.014599,60.058394,80.036496,-0.807101,-0.590081,0.019805,-0.350309,0.505609,0.788444,0.277730,-0.864592,-0.418744,163.363471
100.014599,60.058394,100.014599,-0.491390,-0.838262,-0.236331,-0.095451,-0.217884,0.971296,0.435833,-0.581813,-0.686690,147.257575
100.014599,60.058394,119.992701,-0.379561,-0.866929,-0.323059,0.582334,-0.495210,0.644713,0.364538,-0.245352,-0.898284,126.226811
100.014599,60.058394,139.970803,-0.283455,-0.957348,-0.056012,0.954098,-0.275639,-0.117136,-0.015900,0.079630,-0.996698,106.485889
100.014599,60.058394,159.948905,0.192471,-0.898809,0.393823,0.680374,-0.166972,-0.713590,-0.570689,0.159807,-0.805466,101.394047
100.014599,80.036496,0.000000,0.919436,-0.390781,0.043915,0.320955,0.681204,-0.657989,-0.866716,0.124401,-0.483041,47.453155
100.014599,80.036496,19.978102,0.907625,0.273476,0.318476,0.205600,0.371843,-0.905241,-0.933615,-0.356530,0.035356,73.717830
100.014599,80.036496,39.956204,0.275914,0.812593,0.513386,0.322335,0.424965,-0.845875,-0.638285,-0.727593,0.251396,102.820464
100.014599,80.036496,60.058394,-0.496080,0.557330,0.665799,0.127371,0.805220,-0.579135,-0.231308,-0.936361,0.264053,125.496331
100.014599,80.036496,80.036496,-0.655786,-0.251373,0.711868,-0.419798,0.905134,-0.067107,0.200138,-0.972112,0.122245,136.458571
100.014599,80.036496,100.014599,-0.169407,-0.864710,0.472839,-0.660336,0.455746,0.596868,0.551644,-0.822326,-0.139534,132.916643
100.014599,80.036496,119.992701,0.322505,-0.946554,0.005010,-0.170266,-0.052804,0.983982,0.730840,-0.525404,-0.435688,117.016519
100.014599,80.036496,139.970803,0.405712,-0.828297,-0.386421,0.676976,-0.011729,0.735911,0.648242,-0.113868,-0.752872,91.433620
100.014599,80.036496,159.948905,0.389432,-0.849639,-0.355608,0.901451,0.430824,-0.042158,0.141427,0.294006,-0.945282,67.853879
100.014599,100.014599,0.000000,0.618526,-0.119217,-0.776668,0.333800,0.934668,0.122363,0.282062,0.917804,-0.279421,54.157929
100.014599,100.014599,19.978102,0.848667,-0.024651,-0.528353,-0.249735,0.861884,-0.441349,-0.680811,0.714394,0.161670,44.116719
100.014599,100.014599,39.956204,0.816033,0.552646,-0.169331,-0.483679,0.492508,-0.723526,-0.800047,-0.084327,0.593981,60.733427
100.014599,100.014599,60.058394,0.226179,0.939698,0.256538,-0.506801,0.338433,-0.792853,-0.421811,-0.545140,0.724498,86.634881
100.014599,100.014599,80.036496,-0.315683,0.611537,0.725512,-0.698888,0.367313,-0.613708,0.045932,-0.721203,0.691200,108.570067
100.014599,100.014599,100.014599,-0.146191,-0.099948,0.984194,-0.974306,0.186859,-0.125746,0.506648,-0.687514,0.520223,122.820888
100.014599,100.014599,119.992701,0.544935,-0.428262,0.720858,-0.836260,-0.215102,0.504381,0.843006,-0.476874,0.248863,124.942986
100.014599,100.014599,139.970803,0.977302,-0.209920,-0.028529,-0.054991,-0.381420,0.922765,0.991827,-0.095786,-0.084290,113.216860
100.014599,100.014599,159.948905,0.714493,-0.066710,-0.696454,0.698909,0.113629,0.706127,0.848910,0.364331,-0.382902,91.262505
100.014599,119.992701,0.000000,0.012668,0.599451,-0.800311,0.781141,0.493722,0.382174,0.576102,0.810810,-0.103413,118.542190
100.014599,119.992701,19.978102,0.033687,0.089771,-0.995393,0.188819,0.977450,0.094543,0.142852,0.988504,-0.049529,89.223223
100.014599,119.992701,39.956204,0.438700,0.108001,-0.892120,-0.494295,0.858078,-0.139190,-0.344125,0.881531,0.323234,68.696986
100.014599,119.992701,60.058394,0.439882,0.655680,-0.613667,-0.894521,0.380467,-0.234686,-0.462920,0.361870,0.809170,73.314687
100.014599,119.992701,80.036496,-0.071608,0.991047,-0.112687,-0.974237,-0.093718,-0.205131,-0.150817,-0.050822,0.987254,95.540530
100.014599,119.992701,100.014599,-0.423816,0.711099,0.560998,-0.875471,-0.480419,-0.052430,0.273619,-0.195165,0.941830,122.618284
100.014599,119.992701,119.992701,-0.051346,0.266817,0.962378,-0.612822,-0.769309,0.180593,0.647122,-0.147798,0.747923,143.980907
100.014599,119.992701,139.970803,0.653670,0.316386,0.687470,-0.051916,-0.887528,0.457819,0.904215,0.077019,0.420075,153.999670
100.014599,119.992701,159.948905,0.712618,0.690012,-0.126720,0.634096,-0.556223,0.537157,0.918536,0.391988,0.051346,147.009040
100.014599,139.970803,0.000000,-0.251253,0.967688,0.021267,0.940450,0.249261,-0.231132,-0.608595,-0.788822,0.085862,170.873690
100.014599,139.970803,19.978102,-0.672291,0.533841,-0.512873,0.714143,0.650176,-0.259366,0.359332,0.904335,-0.230344,156.959810
100.014599,139.970803,39.956204,-0.509659,-0.055696,-0.858572,0.206601,0.960783,-0.184967,0.050511,0.986959,-0.152840,120.898615
100.014599,139.970803,60.058394,-0.102955,-0.017509,-0.994532,-0.478954,0.877176,0.034139,-0.225848,0.945685,0.233820,99.336808
100.014599,139.970803,80.036496,-0.178348,0.458769,-0.870473,-0.893012,0.296016,0.338976,-0.258492,0.665196,0.700497,105.231508
100.014599,139.970803,100.014599,-0.675393,0.651555,-0.345429,-0.697643,-0.412675,0.585656,-0.034582,0.397263,0.917053,132.640709
100.014599,139.970803,119.992701,-0.830914,0.368033,0.417294,-0.066230,-0.810077,0.582571,0.267264,0.286352,0.920094,166.350119
100.014599,139.970803,139.970803,-0.252749,0.163610,0.953598,0.594793,-0.751087,0.286513,-0.599519,-0.323426,-0.732102,162.873476
100.014599,139.970803,159.948905,0.351558,0.559767,0.750379,0.894534,-0.437233,-0.092930,-0.808239,-0.481093,-0.339557,150.465478
100.014599,159.948905,0.000000,0.221873,0.646860,0.729619,0.318477,0.659157,-0.681237,-0.534515,-0.828926,0.164851,95.127096
100.014599,159.948905,19.978102,-0.396335,0.880765,0.259176,0.207560,0.360943,-0.909197,-0.411290,-0.787243,0.459445,132.892805
100.014599,159.948905,39.956204,-0.911188,0.370408,-0.180375,0.335590,0.413331,-0.846485,-0.210037,-0.840581,0.499307,178.001913
100.014599,159.948905,60.058394,-0.837994,-0.205384,-0.505553,0.151426,0.802553,-0.577043,-0.015533,0.944775,-0.327350,146.975460
100.014599,159.948905,80.036496,-0.614743,-0.310215,-0.725161,-0.402784,0.913954,-0.049525,-0.216033,0.974269,0.064268,133.931078
100.014599,159.948905,100.014599,-0.732431,-0.168882,-0.659564,-0.654794,0.440122,0.614441,-0.264383,0.836310,0.480299,149.612621
100.014599,159.948905,119.992701,-0.943659,-0.281179,-0.174490,-0.163440,-0.062472,0.984573,0.162787,-0.683996,-0.711091,175.251218
100.014599,159.948905,139.970803,-0.628507,-0.537186,0.562504,0.682048,-0.033001,0.730562,-0.072827,-0.607487,-0.790984,129.582605
100.014599,159.948905,159.948905,0.182841,-0.286276,0.940540,0.906822,0.418673,-0.048853,-0.455565,-0.660487,-0.596839,91.786049
119.992701,0.000000,0.000000,0.619334,0.764478,0.178883,-0.655855,0.629000,-0.417389,-0.339807,-0.371389,0.864061,55.274851
119.992701,0.000000,19.978102,0.051726,0.970906,-0.233808,-0.628442,-0.150307,-0.763196,-0.490128,-0.279915,0.825483,104.365064
119.992701,0.000000,39.956204,-0.444541,0.757593,-0.477950,0.009256,-0.529657,-0.848162,-0.478231,-0.428087,0.766835,150.794813
119.992701,0.000000,60.058394,-0.711700,0.462137,-0.529067,0.566473,-0.067847,-0.821282,0.377704,0.682017,-0.626253,175.221606
119.992701,0.000000,80.036496,-0.898136,0.209015,-0.386866,0.417169,0.683150,-0.599397,0.174672,0.915514,-0.362386,163.309638
119.992701,0.000000,100.014599,-0.991173,-0.127524,-0.036244,-0.123853,0.988213,-0.089979,-0.063058,0.997047,-0.043817,177.599122
119.992701,0.000000,119.992701,-0.661760,-0.506022,0.553187,-0.277260,0.850733,0.446521,0.233000,-0.956583,-0.175099,139.213946
119.992701,0.000000,139.970803,-0.006221,-0.661320,0.750078,0.023285,0.749794,0.661262,0.322283,-0.881571,-0.344915,97.056407
119.992701,0.000000,159.948905,0.751069,-0.216903,0.623577,0.102842,0.971400,0.214020,0.229863,-0.944024,-0.236605,42.508011
119.992701,19.978102,0.000000,0.459954,0.831337,0.311963,-0.783189,0.214281,0.583695,0.560991,0.054455,0.826029,77.763699
119.992701,19.978102,19.978102,-0.145619,0.978410,-0.146661,-0.955328,-0.100523,0.277926,0.049218,0.204183,0.977695,98.534248
119.992701,19.978102,39.956204,-0.609174,0.628229,-0.483979,-0.699277,-0.713379,-0.045838,-0.258432,0.079717,0.962735,136.413749
119.992701,19.978102,60.058394,-0.731217,0.279648,-0.622189,0.009507,-0.907840,-0.419209,-0.359972,-0.201934,0.910847,171.472120
119.992701,19.978102,80.036496,-0.817902,0.140349,-0.557977,0.481790,-0.363048,-0.797543,0.282707,0.556897,-0.780988,167.373451
119.992701,19.978102,100.014599,-0.975869,-0.051697,-0.212151,0.178279,0.372369,-0.910801,0.038706,0.826334,-0.561849,168.190413
119.992701,19.978102,119.992701,-0.857620,-0.404483,0.317618,-0.513379,0.636724,-0.575347,0.255457,-0.903992,0.342841,170.861903
119.992701,19.978102,139.970803,-0.177180,-0.594348,0.784447,-0.887383,0.441179,0.133836,0.543540,-0.815803,0.197558,132.128222
119.992701,19.978102,159.948905,0.628284,-0.173099,0.758483,-0.685916,0.336813,0.645040,0.785612,-0.563039,0.256516,88.338741
119.992701,39.956204,0.000000,0.478793,0.531564,0.698711,-0.117466,-0.749920,0.651016,0.841322,0.137958,0.522633,141.616385
119.992701,39.956204,19.978102,-0.128977,0.941279,0.312023,-0.004731,-0.315232,0.949003,0.579413,0.475530,0.661930,134.390830
119.992701,39.956204,39.956204,-0.806472,0.588192,-0.060266,-0.253640,-0.252082,0.933874,0.158516,0.569479,0.806577,148.543216
119.992701,39.956204,60.058394,-0.945652,-0.023098,-0.324359,-0.223326,-0.678903,0.699440,-0.155483,0.397443,0.904358,173.644218
119.992701,39.956204,80.036496,-0.792129,-0.340748,-0.506381,0.281318,-0.940101,0.192537,0.281064,-0.054333,-0.958150,161.057531
119.992701,39.956204,100.014599,-0.777686,-0.392990,-0.490676,0.620126,-0.607679,-0.496156,0.176040,0.351654,-0.919429,146.567882
119.992701,39.956204,119.992701,-0.831384,-0.537992,-0.139160,0.245708,-0.131279,-0.960413,-0.125448,0.626101,-0.769584,149.391352
119.992701,39.956204,139.970803,-0.479778,-0.748476,0.457817,-0.565211,-0.135441,-0.813752,-0.505110,0.654570,-0.562496,170.624547
119.992701,39.956204,159.948905,0.308211,-0.496455,0.811504,-0.807643,-0.587324,-0.052564,0.801038,-0.421645,0.424916,158.520060
119.992701,60.058394,0.000000,0.782476,-0.108690,0.613121,0.242695,-0.853545,-0.461043,-0.939584,-0.038416,-0.340157,148.901915
119.992701,60.058394,19.978102,0.412902,0.649549,0.638434,0.774550,-0.619208,0.129054,-0.838967,-0.428097,-0.335956,169.278380
119.992701,60.058394,39.956204,-0.404775,0.753192,0.518517,0.823545,0.053836,0.564691,-0.544412,-0.725321,-0.421337,175.210921
119.992701,60.058394,60.058394,-0.916558,0.103499,0.386277,0.398887,0.305407,0.864648,-0.158863,-0.804195,-0.572741,165.056178
119.992701,60.058394,80.036496,-0.780024,-0.602955,0.167355,0.258298,-0.066652,0.963763,0.147244,-0.643240,-0.751373,145.031949
119.992701,60.058394,100.014599,-0.393355,-0.908224,-0.142835,0.660702,-0.387280,0.643029,0.282412,-0.289428,-0.914590,120.938344
119.992701,60.058394,119.992701,-0.240433,-0.909202,-0.339918,0.970256,-0.235282,-0.056965,0.148730,0.161808,-0.975550,105.574626
119.992701,60.058394,139.970803,-0.203332,-0.963330,-0.175077,0.585054,0.023839,-0.810644,-0.285807,0.505024,-0.814411,108.081533
119.992701,60.058394,159.948905,0.176756,-0.946772,0.269035,-0.122501,-0.292375,-0.948425,-0.706062,0.461252,-0.537330,129.914180
119.992701,80.036496,0.000000,0.914700,-0.388994,-0.109582,-0.097823,0.049975,-0.993948,-0.957008,0.250873,-0.145599,90.792575
119.992701,80.036496,19.978102,0.948204,0.225847,0.223388,0.305731,-0.457898,-0.834780,-0.982658,-0.179546,-0.046322,120.428416
119.992701,80.036496,39.956204,0.392494,0.803475,0.447635,0.849645,-0.130363,-0.510989,-0.806241,-0.590604,-0.034092,137.379269
119.992701,80.036496,60.058394,-0.381491,0.641851,0.665201,0.793631,0.596386,-0.120307,-0.464231,-0.877955,-0.116980,139.553011
119.992701,80.036496,80.036496,-0.614650,-0.123751,0.779032,0.300311,0.876528,0.376181,-0.056703,-0.961133,-0.270202,128.305809
119.992701,80.036496,100.014599,-0.154323,-0.782650,0.603029,0.157181,0.583120,0.797035,0.300716,-0.819458,-0.487912,105.609963
119.992701,80.036496,119.992701,0.402230,-0.906827,0.126002,0.543740,0.347337,0.764005,0.510821,-0.439398,-0.738912,78.978526
119.992701,80.036496,139.970803,0.537344,-0.761954,-0.361506,0.837114,0.533961,0.118848,0.279841,0.267529,-0.922018,60.129925
119.992701,80.036496,159.948905,0.458944,-0.765177,-0.451525,0.386733,0.629586,-0.673839,-0.429302,0.664501,-0.611668,70.324249
119.992701,100.014599,0.000000,0.567860,0.013579,-0.823013,-0.407886,0.873113,-0.267026,-0.427615,0.871817,0.238913,61.890460
119.992701,100.014599,19.978102,0.771022,0.019448,-0.636512,-0.628100,0.187960,-0.755090,-0.870005,0.371359,0.324321,86.671571
119.992701,100.014599,39.956204,0.788337,0.532809,-0.307634,-0.197306,-0.254667,-0.946686,-0.913655,-0.143331,0.380382,106.318914
119.992701,100.014599,60.058394,0.267993,0.956269,0.117170,0.254982,0.046881,-0.965809,-0.705695,-0.588533,0.394491,117.270811
119.992701,100.014599,80.036496,-0.308680,0.714068,0.628350,0.065795,0.675057,-0.734826,-0.306627,-0.880367,0.361847,116.390764
119.992701,100.014599,100.014599,-0.220340,0.027600,0.975033,-0.481322,0.866350,-0.133294,0.189507,-0.945735,0.263956,105.414426
119.992701,100.014599,119.992701,0.459800,-0.343164,0.819037,-0.576545,0.586133,0.569248,0.652730,-0.748519,0.116893,86.629418
119.992701,100.014599,139.970803,0.980973,-0.159869,0.110156,-0.024494,0.460943,0.887092,0.982706,-0.169042,-0.075587,63.571125
119.992701,100.014599,159.948905,0.780846,0.038307,-0.623548,0.323352,0.829236,0.455864,0.647538,0.739949,-0.182128,51.493755
119.992701,119.992701,0.000000,0.022407,0.709405,-0.704445,0.033615,0.703688,0.709713,0.378428,0.860409,0.341304,98.105270
119.992701,119.992701,19.978102,-0.015737,0.218863,-0.975629,-0.621172,0.762470,0.181065,-0.214357,0.881417,0.420898,93.707167
119.992701,119.992701,39.956204,0.305818,0.156691,-0.939108,-0.945999,0.161405,-0.281132,-0.636757,0.530825,0.559255,99.647923
119.992701,119.992701,60.058394,0.331254,0.630357,-0.702083,-0.703692,-0.330647,-0.628880,-0.705827,0.038981,0.707311,109.431066
119.992701,119.992701,80.036496,-0.133266,0.965520,-0.223633,-0.459216,-0.260118,-0.849388,-0.471751,-0.368137,0.801203,117.236768
119.992701,119.992701,100.014599,-0.514368,0.721415,0.463666,-0.679277,-0.012717,-0.733772,-0.024144,-0.575892,0.817169,121.014266
119.992701,119.992701,119.992701,-0.198669,0.252130,0.947080,-0.979029,-0.095515,-0.179943,0.456478,-0.525830,0.717725,120.942828
119.992701,119.992701,139.970803,0.568151,0.256822,0.781822,-0.691687,-0.365682,0.622773,0.833399,-0.184533,0.520955,114.445438
119.992701,119.992701,159.948905,0.746930,0.664901,0.001664,0.093567,-0.107588,0.989783,0.893199,0.339225,0.295163,104.573122
119.992701,139.970803,0.000000,-0.122071,0.986642,0.107874,0.824631,0.040337,0.564231,0.651628,0.712671,0.259771,161.830285
119.992701,139.970803,19.978102,-0.612337,0.634273,-0.471954,0.400992,0.763644,0.506017,0.311274,0.931457,0.188406,141.750266
119.992701,139.970803,39.956204,-0.562008,0.064594,-0.824605,-0.427367,0.830883,0.356357,-0.121062,0.945155,0.303358,125.820061
119.992701,139.970803,60.058394,-0.238518,0.029352,-0.970694,-0.948833,0.205952,0.239374,-0.434601,0.692797,0.575461,121.797572
119.992701,139.970803,80.036496,-0.305893,0.391952,-0.867642,-0.860635,-0.503525,0.075958,-0.461366,0.306160,0.832711,131.226159
119.992701,139.970803,100.014599,-0.751421,0.538415,-0.381414,-0.536752,-0.834984,-0.121236,-0.213409,-0.002123,0.976961,146.615057
119.992701,139.970803,119.992701,-0.884492,0.267654,0.382145,-0.360678,-0.911829,-0.196160,0.178677,-0.133724,0.974778,161.198227
119.992701,139.970803,139.970803,-0.289312,0.030704,0.956742,-0.153027,-0.988115,-0.014564,0.594322,-0.051625,0.802569,173.427300
119.992701,139.970803,159.948905,0.396773,0.448448,0.800915,0.329205,-0.884011,0.331887,0.835044,0.233658,0.498102,173.125360
119.992701,159.948905,0.000000,0.353469,0.665968,0.656922,0.857929,0.049114,-0.511415,-0.767911,-0.629709,-0.117385,125.149022
119.992701,159.948905,19.978102,-0.285366,0.930780,0.228508,0.852863,0.355387,-0.382523,-0.572671,-0.814228,0.095292,155.868659
119.992701,159.948905,39.956204,-0.847788,0.492315,-0.197182,0.523381,0.836705,-0.161239,0.266495,0.958072,-0.105249,171.513258
119.992701,159.948905,60.058394,-0.875208,-0.069080,-0.478790,-0.171131,0.969964,0.172872,-0.064299,0.991992,0.108706,152.005505
119.992701,159.948905,80.036496,-0.723328,-0.245339,-0.645449,-0.677415,0.433270,0.594463,-0.292716,0.836253,0.463678,152.230057
119.992701,159.948905,100.014599,-0.812646,-0.232349,-0.534435,-0.441172,-0.353903,0.824694,-0.299092,0.565593,0.768536,172.191775
119.992701,159.948905,119.992701,-0.910266,-0.406010,-0.081073,0.259807,-0.712610,0.651680,0.111615,-0.338584,-0.934293,159.125577
119.992701,159.948905,139.970803,-0.538476,-0.626399,0.563620,0.814303,-0.558833,0.156898,-0.252401,-0.226535,-0.940731,130.027569
119.992701,159.948905,159.948905,0.291166,-0.363307,0.885003,0.848962,-0.328320,-0.414088,-0.705726,-0.243657,-0.665269,114.340496
139.970803,0.000000,0.000000,0.828470,0.544147,-0.132440,-0.263477,0.170032,-0.949563,-0.894555,-0.182706,0.407909,81.872912
139.970803,0.000000,19.978102,0.471343,0.814375,-0.338571,0.135287,-0.446108,-0.884695,-0.824097,-0.349710,0.445609,130.361240
139.970803,0.000000,39.956204,-0.030780,0.919393,-0.392133,0.744588,-0.240637,-0.622641,-0.691302,-0.609593,0.387941,166.979558
139.970803,0.000000,60.058394,-0.554004,0.791059,-0.259433,0.826035,0.483519,-0.289612,0.470533,0.860947,-0.193312,174.809578
139.970803,0.000000,80.036496,-0.925443,0.377984,0.026146,0.376515,0.909743,0.174943,0.193034,0.977175,0.088698,179.525265
139.970803,0.000000,100.014599,-0.900129,-0.193277,0.390399,0.123961,0.745490,0.654888,0.019591,-0.930649,-0.365388,154.271179
139.970803,0.000000,119.992701,-0.355489,-0.687316,0.633423,0.403857,0.498215,0.767256,0.128934,-0.797475,-0.589414,112.234810
139.970803,0.000000,139.970803,0.418556,-0.706701,0.570425,0.730836,0.634964,0.250398,-0.033948,-0.610666,-0.791160,65.298847
139.970803,0.000000,159.948905,0.932847,-0.294958,0.206875,0.360274,0.763828,-0.535509,-0.850181,-0.158560,-0.502047,40.734885
139.970803,19.978102,0.000000,0.363537,0.922751,-0.127948,-0.917705,0.331114,-0.219501,-0.220798,-0.017078,0.975170,70.675470
139.970803,19.978102,19.978102,-0.108053,0.807065,-0.580492,-0.779922,-0.430906,-0.453919,-0.475328,-0.019946,0.879583,115.561232
139.970803,19.978102,39.956204,-0.281936,0.532156,-0.798324,-0.059040,-0.840125,-0.539170,-0.578543,-0.212200,0.787565,157.955171
139.970803,19.978102,60.058394,-0.366727,0.519968,-0.771456,0.656026,-0.443434,-0.610734,0.560975,0.525576,-0.639591,173.894300
139.970803,19.978102,80.036496,-0.674532,0.557093,-0.484412,0.723169,0.366683,-0.585295,0.392253,0.824613,-0.407617,168.245654
139.970803,19.978102,100.014599,-0.955891,0.283916,0.075258,0.244061,0.910318,-0.334297,-0.135576,-0.977236,0.163182,172.985556
139.970803,19.978102,119.992701,-0.705420,-0.180709,0.685366,-0.177788,0.981152,0.075707,0.104529,-0.994520,-0.002118,136.407362
139.970803,19.978102,139.970803,0.141179,-0.309712,0.940291,-0.244103,0.909588,0.336250,0.307037,-0.951131,-0.032849,87.031317
139.970803,19.978102,159.948905,0.807819,0.189916,0.557996,-0.337879,0.924898,0.174361,0.396278,-0.818888,0.415194,39.464546
139.970803,39.956204,0.000000,0.077243,0.765034,0.639341,-0.803431,-0.331948,0.494276,0.554689,-0.025968,0.831653,109.441640
139.970803,39.956204,19.978102,-0.536990,0.833275,0.131510,-0.671364,-0.516529,0.531478,0.210650,0.238947,0.947909,127.470922
139.970803,39.956204,39.956204,-0.907057,0.248921,-0.339538,-0.377067,-0.839052,0.392189,-0.140733,0.234006,0.961996,161.012651
139.970803,39.956204,60.058394,-0.719842,-0.222053,-0.657662,0.218932,-0.971722,0.088461,0.357422,-0.002214,-0.933940,166.344184
139.970803,39.956204,80.036496,-0.528514,-0.168465,-0.832041,0.742886,-0.566114,-0.357260,0.408761,0.382879,-0.828443,146.630333
139.970803,39.956204,100.014599,-0.751189,0.016629,-0.659878,0.653805,0.156334,-0.740337,0.243517,0.739460,-0.627613,149.494616
139.970803,39.956204,119.992701,-0.983747,-0.141828,-0.110125,0.001616,0.606281,-0.795249,-0.039405,0.895453,-0.443409,170.691455
139.970803,39.956204,139.970803,-0.628662,-0.392222,0.671525,-0.753624,0.520361,-0.401590,0.356317,-0.861911,0.360759,149.941017
139.970803,39.956204,159.948905,0.176677,-0.116668,0.977330,-0.967748,0.160576,0.194114,0.632951,-0.623623,0.458767,111.940336
139.970803,60.058394,0.000000,0.427540,-0.173753,0.887141,-0.410167,-0.911811,0.019088,0.842501,-0.175669,0.509248,166.578000
139.970803,60.058394,19.978102,0.078943,0.503335,0.860478,0.115874,-0.861954,0.493567,0.727184,0.217813,0.650969,162.686294
139.970803,60.058394,39.956204,-0.661643,0.397511,0.635778,0.357369,-0.578234,0.733439,0.411149,0.459080,0.787529,178.539607
139.970803,60.058394,60.058394,-0.878758,-0.338557,0.336399,0.469746,-0.488894,0.735065,-0.075394,-0.460452,-0.884477,152.810274
139.970803,60.058394,80.036496,-0.499107,-0.862998,-0.078268,0.746762,-0.474179,0.466369,0.174309,-0.215654,-0.960786,123.098693
139.970803,60.058394,100.014599,-0.185278,-0.823005,-0.536968,0.982011,-0.175312,-0.070139,0.243452,0.259189,-0.934640,105.067346
139.970803,60.058394,119.992701,-0.355728,-0.637320,-0.683580,0.723631,0.275055,-0.633011,0.046508,0.682956,-0.728977,111.018321
139.970803,60.058394,139.970803,-0.592183,-0.760491,-0.266407,-0.113315,0.405917,-0.906858,-0.305779,0.813488,-0.494708,139.148666
139.970803,60.058394,159.948905,-0.218176,-0.867771,0.446512,-0.807037,-0.096823,-0.582509,-0.624522,0.671410,-0.398975,175.634872
139.970803,80.036496,0.000000,0.676334,-0.733315,0.069436,-0.528507,-0.548771,-0.647712,-0.906492,0.383345,-0.176970,144.644331
139.970803,80.036496,19.978102,0.849537,-0.054726,0.524682,0.092593,-0.963694,-0.250439,-0.960929,-0.010033,-0.276612,164.556198
139.970803,80.036496,39.956204,0.351138,0.513887,0.782702,0.752553,-0.652265,0.090636,-0.817732,-0.395396,-0.418302,163.424497
139.970803,80.036496,60.058394,-0.286207,0.275336,0.917756,0.946569,-0.067333,0.315394,-0.533315,-0.637334,-0.556219,142.886983
139.970803,80.036496,80.036496,-0.298546,-0.450489,0.841386,0.848941,0.277470,0.449788,-0.213785,-0.684847,-0.696620,111.145489
139.970803,80.036496,100.014599,0.244967,-0.881759,0.403102,0.833850,0.403739,0.376417,0.068269,-0.462563,-0.883954,76.028934
139.970803,80.036496,119.992701,0.578897,-0.767417,-0.275589,0.803549,0.594327,0.032930,0.165977,0.251359,-0.953557,55.460965
139.970803,80.036496,139.970803,0.318929,-0.613672,-0.722282,0.377222,0.781307,-0.497256,-0.200329,0.831736,-0.517768,73.114850
139.970803,80.036496,159.948905,0.027935,-0.835479,-0.548812,-0.396769,0.494657,-0.773233,-0.551767,0.799003,-0.239057,113.424524
139.970803,100.014599,0.000000,0.284514,-0.317510,-0.904566,-0.897623,0.243100,-0.367661,-0.683878,0.660967,0.308923,110.127611
139.970803,100.014599,19.978102,0.734784,-0.400250,-0.547624,-0.668945,-0.561235,-0.487369,-0.921267,0.330969,0.204272,138.876336
139.970803,100.014599,39.956204,0.975616,0.192875,-0.104753,0.114661,-0.854840,-0.506065,-0.993451,-0.082874,0.078663,150.188661
139.970803,100.014599,60.058394,0.580147,0.739718,0.340949,0.772963,-0.368013,-0.516812,-0.874640,-0.484025,-0.026919,141.866217
139.970803,100.014599,80.036496,0.100883,0.610756,0.785366,0.774403,0.447376,-0.447386,-0.612799,-0.784969,-0.091108,116.090470
139.970803,100.014599,100.014599,0.228592,0.097079,0.968670,0.319830,0.932298,-0.168909,-0.262554,-0.958272,-0.113050,80.126227
139.970803,100.014599,119.992701,0.789104,-0.093236,0.607142,0.000244,0.988461,0.151477,0.215900,-0.973568,-0.074512,38.849780
139.970803,100.014599,139.970803,0.968065,0.146201,-0.203653,-0.093347,0.964143,0.248425,0.686471,0.637412,0.349948,20.014756
139.970803,100.014599,159.948905,0.458860,0.159620,-0.874053,-0.329709,0.944082,-0.000682,-0.161402,0.948345,0.273113,63.615954
139.970803,119.992701,0.000000,-0.389648,0.544109,-0.743048,-0.700587,0.348577,0.622633,-0.076595,0.730741,0.678345,113.443765
139.970803,119.992701,19.978102,-0.260097,-0.127200,-0.957168,-0.965538,0.043766,0.256555,-0.497818,0.655137,0.568307,132.474749
139.970803,119.992701,39.956204,0.357047,-0.272328,-0.893507,-0.784109,-0.607226,-0.128257,-0.806609,0.355853,0.471964,147.167698
139.970803,119.992701,60.058394,0.650040,0.331279,-0.683888,-0.102026,-0.853774,-0.510549,-0.901165,-0.068296,0.428063,149.594092
139.970803,119.992701,80.036496,0.291040,0.920673,-0.260109,0.334050,-0.352560,-0.874135,-0.769139,-0.469898,0.433152,137.378245
139.970803,119.992701,100.014599,-0.150404,0.927259,0.342885,0.006090,0.347693,-0.937589,-0.442386,-0.737526,0.510245,115.488252
139.970803,119.992701,119.992701,-0.035773,0.636361,0.770562,-0.654806,0.567555,-0.499110,0.011664,-0.763248,0.646000,92.058183
139.970803,119.992701,139.970803,0.437941,0.650316,0.620722,-0.898478,0.340226,0.277461,0.494792,-0.336939,0.801033,75.183152
139.970803,119.992701,159.948905,0.402227,0.911998,-0.080455,-0.561117,0.315002,0.765455,0.522425,0.408457,0.748488,79.756366
139.970803,139.970803,0.000000,-0.469704,0.812166,0.346070,0.183304,-0.293739,0.938145,0.470334,0.560764,0.681417,152.520136
139.970803,139.970803,19.978102,-0.875284,0.429108,-0.223034,-0.091546,0.305831,0.947674,0.111588,0.796519,0.594227,154.017710
139.970803,139.970803,39.956204,-0.724244,-0.280053,-0.630112,-0.681033,0.147385,0.717267,-0.331531,0.748241,0.574650,159.580556
139.970803,139.970803,60.058394,-0.164299,-0.391379,-0.905444,-0.736680,-0.561745,0.376490,-0.637404,0.451234,0.624583,163.953014
139.970803,139.970803,80.036496,0.015063,0.127626,-0.991708,-0.232466,-0.964196,-0.127616,-0.706589,0.037716,0.706618,165.238297
139.970803,139.970803,100.014599,-0.445741,0.585959,-0.676733,0.053369,-0.737249,-0.673510,-0.505821,-0.325286,0.798959,160.530653
139.970803,139.970803,119.992701,-0.865282,0.500664,0.024957,-0.276675,-0.435468,-0.856632,-0.120387,-0.491510,0.862511,153.216173
139.970803,139.970803,139.970803,-0.605512,0.257656,0.752973,-0.727503,-0.562776,-0.392456,0.343320,-0.375964,0.860687,145.088516
139.970803,139.970803,159.948905,-0.028582,0.498577,0.866374,-0.460076,-0.776027,0.431407,0.648856,0.016700,0.760728,140.943293
139.970803,159.948905,0.000000,0.337657,0.287595,0.896257,0.774974,-0.625364,-0.091295,-0.802539,-0.355750,-0.478930,149.414660
139.970803,159.948905,19.978102,-0.237449,0.753697,0.612829,0.942648,0.026426,0.332741,-0.608192,-0.710113,-0.354742,164.554491
139.970803,159.948905,39.956204,-0.889549,0.394870,0.229739,0.446707,0.646509,0.618448,-0.232233,-0.907200,-0.350792,175.762731
139.970803,159.948905,60.058394,-0.940551,-0.315923,-0.124722,-0.274603,0.491192,0.826634,0.171068,-0.863409,-0.474616,177.505134
139.970803,159.948905,80.036496,-0.605099,-0.634489,-0.480915,-0.397976,-0.282111,0.872943,0.437248,-0.594929,-0.674444,169.901593
139.970803,159.948905,100.014599,-0.508504,-0.525843,-0.681845,0.141403,-0.832113,0.536277,0.463638,-0.215757,-0.859354,157.155862
139.970803,159.948905,119.992701,-0.731560,-0.480778,-0.483396,0.584205,-0.807560,-0.080936,0.236049,0.119472,-0.964369,146.484248
139.970803,159.948905,139.970803,-0.705734,-0.688770,0.165938,0.468797,-0.629603,-0.619540,-0.209525,0.294235,-0.932483,141.633450
139.970803,159.948905,159.948905,-0.061849,-0.611145,0.789099,0.211211,-0.780721,-0.588102,-0.648520,0.168254,-0.742369,146.366916
159.948905,0.000000,0.000000,0.953742,-0.257264,-0.155533,-0.245854,-0.369742,-0.896017,-0.983530,0.180637,-0.006273,114.578759
159.948905,0.000000,19.978102,0.935315,0.334801,0.114430,0.344015,-0.784936,-0.515295,-0.982357,-0.186811,-0.008732,148.155179
159.948905,0.000000,39.956204,0.368034,0.872663,0.320952,0.929772,-0.348631,-0.118241,-0.823159,-0.558545,-0.102157,163.768748
159.948905,0.000000,60.058394,-0.411823,0.723633,0.553857,0.911117,0.337892,0.235998,-0.520411,-0.811195,-0.266713,159.422624
159.948905,0.000000,80.036496,-0.689195,-0.035179,0.723721,0.579449,0.572922,0.579654,-0.179405,-0.869085,-0.460983,138.191069
159.948905,0.000000,100.014599,-0.257186,-0.732930,0.629816,0.573640,0.408701,0.709860,0.086119,-0.730173,-0.677813,105.460826
159.948905,0.000000,119.992701,0.329983,-0.916109,0.227720,0.822694,0.397385,0.406522,0.185568,-0.362725,-0.913233,72.176385
159.948905,0.000000,139.970803,0.577856,-0.782078,-0.233315,0.717368,0.623049,-0.311758,-0.196018,0.375986,-0.905655,55.875849
159.948905,0.000000,159.948905,0.571518,-0.719391,-0.394771,0.008294,0.486122,-0.873852,-0.695205,0.616713,-0.369263,80.170495
159.948905,19.978102,0.000000,0.498303,0.421843,-0.757458,-0.813976,-0.073226,-0.576265,-0.746723,0.231538,0.623535,97.702021
159.948905,19.978102,19.978102,0.492095,0.286747,-0.821960,-0.340383,-0.805649,-0.484839,-0.847820,0.017513,0.529994,143.726589
159.948905,19.978102,39.956204,0.525543,0.543973,-0.654139,0.462300,-0.828055,-0.317181,-0.872999,-0.288948,0.392914,174.034395
159.948905,19.978102,60.058394,0.154896,0.938610,-0.308251,0.954606,-0.222555,-0.197981,0.759770,0.623247,-0.185235,177.525299
159.948905,19.978102,80.036496,-0.437007,0.869836,0.228933,0.883053,0.463296,-0.074656,-0.520910,-0.853146,-0.028195,166.444405
159.948905,19.978102,100.014599,-0.540111,0.279029,0.793992,0.567536,0.817398,0.098810,-0.270068,-0.943442,-0.192302,131.397468
159.948905,19.978102,119.992701,0.074924,-0.212378,0.974311,0.373268,0.911998,0.170091,-0.090627,-0.951657,-0.293488,86.143183
159.948905,19.978102,139.970803,0.837168,-0.118738,0.533902,0.166000,0.985266,-0.041170,-0.148646,-0.954732,-0.257665,33.541183
159.948905,19.978102,159.948905,0.931836,0.258326,-0.254854,-0.343142,0.855739,-0.387251,-0.763081,0.340560,0.549296,33.194923
159.948905,39.956204,0.000000,-0.249208,0.962270,-0.109234,-0.965567,-0.255577,-0.048583,-0.073420,0.017879,0.997141,104.831566
159.948905,39.956204,19.978102,-0.622126,0.471108,-0.625314,-0.619716,-0.784409,0.025587,-0.324691,0.126205,0.937362,144.418661
159.948905,39.956204,39.956204,-0.392502,-0.058226,-0.917906,0.043168,-0.998061,0.044852,0.550551,-0.006844,-0.834774,176.518203
159.948905,39.956204,60.058394,-0.015990,0.071212,-0.997333,0.700832,-0.710629,-0.061977,0.678469,0.302223,-0.669582,151.955403
159.948905,39.956204,80.036496,-0.159202,0.564642,-0.809836,0.968143,-0.071299,-0.240034,0.619963,0.656535,-0.429660,151.994404
159.948905,39.956204,100.014599,-0.661995,0.711080,-0.236915,0.735284,0.554844,-0.389236,0.410416,0.881630,-0.232995,177.022588
159.948905,39.956204,119.992701,-0.758335,0.407378,0.508892,0.214066,0.893006,-0.395873,-0.176491,-0.970075,0.166749,144.574160
159.948905,39.956204,139.970803,-0.152063,0.228949,0.961488,-0.365881,0.890652,-0.269946,0.062213,-0.951552,0.301127,99.006070
159.948905,39.956204,159.948905,0.400815,0.634127,0.661234,-0.788576,0.606192,-0.103336,0.203167,-0.608185,0.767355,67.974570
159.948905,60.058394,0.000000,-0.260332,0.308421,0.914934,-0.833066,-0.550784,-0.051370,0.510857,-0.301100,0.805211,134.861636
159.948905,60.058394,19.978102,-0.702457,0.419527,0.574936,-0.350738,-0.906956,0.233267,0.331461,0.054254,0.941908,155.865143
159.948905,60.058394,39.956204,-0.977816,-0.172654,0.118601,0.203303,-0.918593,0.338903,-0.043388,-0.178241,-0.983030,168.975776
159.948905,60.058394,60.058394,-0.592193,-0.736210,-0.327571,0.688808,-0.673456,0.268331,0.228448,-0.061759,-0.971595,132.832940
159.948905,60.058394,80.036496,-0.107167,-0.628129,-0.770694,0.975880,-0.214740,0.039318,0.419017,0.308989,-0.853786,110.057184
159.948905,60.058394,100.014599,-0.230740,-0.115360,-0.966153,0.909673,0.326829,-0.256275,0.379011,0.729114,-0.569863,115.924837
159.948905,60.058394,119.992701,-0.773196,0.067175,-0.630599,0.472450,0.724335,-0.502125,0.160906,0.921175,-0.354326,145.117404
159.948905,60.058394,139.970803,-0.965615,-0.186431,0.181192,-0.257440,0.782798,-0.566526,0.117949,-0.943947,0.308304,173.387113
159.948905,60.058394,159.948905,-0.439443,-0.204108,0.874774,-0.860475,0.375162,-0.344725,0.393009,-0.795590,0.461065,134.618806
159.948905,80.036496,0.000000,0.151238,-0.700014,0.697931,-0.877243,-0.420468,-0.231629,0.754924,-0.529350,0.387142,166.768046
159.948905,80.036496,19.978102,0.191371,-0.110721,0.975253,-0.374434,-0.926710,-0.031736,0.768763,-0.159601,0.619299,167.706915
159.948905,80.036496,39.956204,-0.274411,0.020962,0.961384,0.316261,-0.942178,0.110815,-0.597593,-0.142333,-0.789066,169.215273
159.948905,80.036496,60.058394,-0.434324,-0.513191,0.740269,0.830651,-0.546060,0.108796,-0.367629,-0.260341,-0.892789,131.183091
159.948905,80.036496,80.036496,0.008278,-0.959912,0.280178,0.999965,0.008139,-0.001660,-0.140931,-0.140442,-0.980007,90.677140
159.948905,80.036496,100.014599,0.425009,-0.811841,-0.400351,0.838800,0.519481,-0.162952,0.057173,0.408697,-0.910878,64.968069
159.948905,80.036496,119.992701,0.189823,-0.417114,-0.888810,0.450439,0.841375,-0.298652,0.022920,0.896834,-0.441772,79.082394
159.948905,80.036496,139.970803,-0.470251,-0.417115,-0.777739,-0.136476,0.905028,-0.402864,-0.187579,0.968337,-0.164733,121.592224
159.948905,80.036496,159.948905,-0.607020,-0.793583,-0.041860,-0.730116,0.577722,-0.364922,-0.433877,0.886959,-0.158287,168.434852
159.948905,100.014599,0.000000,0.079953,-0.925426,-0.370397,-0.992940,-0.106606,0.052017,-0.731186,0.663528,0.158422,167.696942
159.948905,100.014599,19.978102,0.651465,-0.734867,0.188585,-0.751748,-0.658776,0.029824,0.908432,-0.410252,0.080279,173.964845
159.948905,100.014599,39.956204,0.774691,-0.119195,0.621004,-0.122209,-0.991780,-0.037908,0.941990,-0.064068,0.329470,179.737925
159.948905,100.014599,60.058394,0.472724,0.121225,0.872832,0.598140,-0.771510,-0.216799,-0.847191,-0.227279,-0.480220,150.227405
159.948905,100.014599,80.036496,0.410516,-0.150643,0.899324,0.903189,-0.068461,-0.423748,-0.733251,-0.402478,-0.548046,105.961728
159.948905,100.014599,100.014599,0.781038,-0.341043,0.523134,0.607748,0.607748,-0.511161,-0.727148,-0.394697,-0.561667,57.631383
159.948905,100.014599,119.992701,0.976756,-0.112888,-0.182217,0.032609,0.918444,-0.394204,-0.878718,0.447794,-0.165332,26.104988
159.948905,100.014599,139.970803,0.482885,0.134075,-0.865359,-0.478689,0.867906,-0.132647,-0.336090,0.879437,0.337095,65.352449
159.948905,100.014599,159.948905,-0.270821,-0.220909,-0.936939,-0.770438,0.633278,0.073381,-0.383254,0.868225,0.315120,119.315750
159.948905,119.992701,0.000000,-0.592349,-0.250023,-0.765905,-0.738193,-0.212439,0.640266,-0.419165,0.610217,0.672262,158.710490
159.948905,119.992701,19.978102,-0.068380,-0.823284,-0.563496,-0.738335,-0.338098,0.583568,0.681641,-0.574002,-0.453747,174.628782
159.948905,119.992701,39.956204,0.714618,-0.650667,-0.256816,-0.553568,-0.750476,0.361038,0.924583,-0.331217,-0.188258,165.055263
159.948905,119.992701,60.058394,0.999241,0.037657,-0.009967,0.037699,-0.999280,0.004156,0.999810,0.018843,-0.004943,179.751160
159.948905,119.992701,80.036496,0.799354,0.546137,0.250535,0.590217,-0.635548,-0.497718,-0.943691,-0.328416,-0.039866,146.437235
159.948905,119.992701,100.014599,0.627347,0.658553,0.415624,0.476108,0.097992,-0.873910,-0.839662,-0.534815,0.094561,105.269783
159.948905,119.992701,119.992701,0.638738,0.713411,0.288198,-0.212680,0.523673,-0.824945,-0.682159,-0.543181,0.489503,71.075956
159.948905,119.992701,139.970803,0.453062,0.873181,-0.179691,-0.874645,0.396398,-0.279043,-0.306417,0.003957,0.951889,66.647411
159.948905,119.992701,159.948905,-0.185167,0.747536,-0.637890,-0.916450,0.102954,0.386679,-0.137774,0.507418,0.850615,102.010954
159.948905,139.970803,0.000000,-0.976779,0.200245,0.076189,-0.091136,-0.710168,0.698109,0.073480,0.373554,0.924693,170.934967
159.948905,139.970803,19.978102,-0.909387,-0.396324,-0.126262,-0.031644,-0.236753,0.971054,0.177761,-0.610528,-0.771788,166.334293
159.948905,139.970803,39.956204,-0.287846,-0.906125,-0.309970,-0.316144,-0.215617,0.923885,0.555941,-0.589764,-0.585754,149.760983
159.948905,139.970803,60.058394,0.493600,-0.705400,-0.508694,-0.284536,-0.683709,0.671998,0.853433,-0.311119,-0.418159,149.785771
159.948905,139.970803,80.036496,0.752568,0.065801,-0.655219,0.227836,-0.959562,0.165321,0.935164,0.079611,-0.345153,166.424388
159.948905,139.970803,100.014599,0.340903,0.751518,-0.564806,0.559128,-0.645065,-0.520834,-0.815962,-0.407239,0.410319,166.441364
159.948905,139.970803,119.992701,-0.225587,0.948824,-0.221007,0.189254,-0.179853,-0.965317,-0.555378,-0.578144,0.597750,140.553485
159.948905,139.970803,139.970803,-0.505139,0.845841,0.171426,-0.600325,-0.201668,-0.773912,-0.167484,-0.473306,0.864830,123.269542
159.948905,139.970803,159.948905,-0.588973,0.752325,0.295157,-0.781661,-0.623059,0.028344,0.155799,-0.057812,0.986096,128.939661
159.948905,159.948905,0.000000,-0.296571,-0.240229,0.924303,0.327697,-0.934682,-0.137782,-0.575204,-0.039239,-0.817068,159.663142
159.948905,159.948905,19.978102,-0.499272,0.015735,0.866302,0.769831,-0.450757,0.451861,-0.444552,-0.472853,-0.760778,150.290123
159.948905,159.948905,39.956204,-0.733374,-0.336268,0.590835,0.581471,0.139998,0.801431,-0.098217,-0.713192,-0.694054,138.612769
159.948905,159.948905,60.058394,-0.427833,-0.886621,0.175676,0.123941,0.134979,0.983066,0.344697,-0.682755,-0.644228,128.342220
159.948905,159.948905,80.036496,0.167625,-0.902680,-0.396321,0.145957,-0.374855,0.915522,0.685230,-0.351888,-0.637679,124.691430
159.948905,159.948905,100.014599,0.259449,-0.356576,-0.897518,0.641520,-0.631047,0.436156,0.743016,0.115980,-0.659147,130.789786
159.948905,159.948905,119.992701,-0.328480,0.055321,-0.942889,0.858117,-0.399622,-0.322394,0.520508,0.481545,-0.705114,145.300916
159.948905,159.948905,139.970803,-0.932202,-0.100323,-0.347757,0.360980,-0.187839,-0.913460,0.106482,0.626268,-0.772302,162.623185
159.948905,159.948905,159.948905,-0.780031,-0.372079,0.503100,-0.239360,-0.565437,-0.789296,-0.329438,0.464760,-0.821869,175.368770
